"분류ID","분류","유형ID","유형","가능여부","유형조합수Nc","전체관측","전체회차수","전체관측비율","공정유형확률","이론기대관측","관측대이론비율","전체Wilson하한","전체Wilson상한","전체Wilson폭","최근관측","최근회차수","모형유형확률","모형특정1조합확률","공정특정1조합확률","최근Wilson하한","최근Wilson상한","최근Wilson폭","추정대상회차","해석"
"odd_count","홀수 개수","0","0개","true","74613","11","522","0.0210727969348659","0.009160521837776518","4.781792399319342","2.300392631341708","0.011806681288622858","0.037336379584988796","0.025529698296365935","3","156","0.014195645534272874","1.9025699990983976e-7","1.2277380399898834e-7","0.00656140638822535","0.0550087199939044","0.04844731360567905","1242","실험 추정; 미래 우월성 미확인"
"odd_count","홀수 개수","1","1개","true","605682","37","522","0.07088122605363985","0.07436188315371525","38.816903006239365","0.9531929941462018","0.051858998744985216","0.0961731837977708","0.04431418505278558","10","156","0.06923222362813967","1.14304575054467e-7","1.2277380399898834e-7","0.03518858274470879","0.1139683318417555","0.07877974909704671","1242","실험 추정; 미래 우월성 미확인"
"odd_count","홀수 개수","2","2개","true","1850695","113","522","0.2164750957854406","0.22721686519190773","118.60720363017583","0.9527245946404788","0.18328478136834747","0.25380791066883057","0.07052312930048307","37","156","0.23219817618569744","1.254653933715158e-7","1.2277380399898834e-7","0.17725337497525034","0.3097382941136472","0.1324849191383968","1242","실험 추정; 미래 우월성 미확인"
"odd_count","홀수 개수","3","3개","true","2727340","163","522","0.31226053639846746","0.33484590659860086","174.78956324446966","0.9325499587868404","0.2739995460356255","0.3532645338268303","0.0792649877912048","39","156","0.2924229532993004","1.0721910480515828e-7","1.2277380399898834e-7","0.1886118419574106","0.3234046237612968","0.1347927818038862","1242","실험 추정; 미래 우월성 미확인"
"odd_count","홀수 개수","4","4개","true","2045505","146","522","0.2796934865900383","0.25113442994895063","131.09217243335223","1.1137201961789667","0.24290545650763837","0.319700351494223","0.07679489498658461","52","156","0.29223388164114195","1.4286637365400815e-7","1.2277380399898834e-7","0.26414937342324535","0.4105282703892262","0.1463788969659808","1242","실험 추정; 미래 우월성 미확인"
"odd_count","홀수 개수","5","5개","true","740278","47","522","0.09003831417624521","0.09088674607676309","47.44288145207033","0.9906649546040377","0.06838555983903873","0.11768090026877283","0.049295340429734096","14","156","0.09031516791017641","1.220016911351903e-7","1.2277380399898834e-7","0.05421101444877175","0.1449954933973123","0.09078447894854054","1242","실험 추정; 미래 우월성 미확인"
"odd_count","홀수 개수","6","6개","true","100947","5","522","0.009578544061302681","0.012393647192285877","6.469483834373228","0.7728591844428662","0.00409812540244997","0.02222436893212836","0.018126243529678388","1","156","0.009401951801271144","9.313750583247786e-8","1.2277380399898834e-7","0.0011324653171247909","0.035412864435195084","0.03428039911807029","1242","실험 추정; 미래 우월성 미확인"
"low_count","22 이하 번호 개수","0","0개","true","100947","9","522","0.017241379310344827","0.012393647192285877","6.469483834373228","1.3911465319971592","0.00909674645631465","0.032439458904285894","0.02334271244797124","5","156","0.022222464621783965","2.2013992116441266e-7","1.2277380399898834e-7","0.013766559825891925","0.07282836318604768","0.059061803360155755","1242","실험 추정; 미래 우월성 미확인"
"low_count","22 이하 번호 개수","1","1개","true","740278","47","522","0.09003831417624521","0.09088674607676309","47.44288145207033","0.9906649546040377","0.06838555983903873","0.11768090026877283","0.049295340429734096","10","156","0.07749465508966359","1.0468317995356284e-7","1.2277380399898834e-7","0.03518858274470879","0.1139683318417555","0.07877974909704671","1242","실험 추정; 미래 우월성 미확인"
"low_count","22 이하 번호 개수","2","2개","true","2045505","130","522","0.24904214559386972","0.25113442994895063","131.09217243335223","0.9916686678305869","0.21386724162131104","0.2878837222764615","0.07401648065515043","38","156","0.2473620867693471","1.209295928239467e-7","1.2277380399898834e-7","0.18292290613728768","0.3165811612665148","0.13365825512922713","1242","실험 추정; 미래 우월성 미확인"
"low_count","22 이하 번호 개수","3","3개","true","2727340","168","522","0.3218390804597701","0.33484590659860086","174.78956324446966","0.9611557857434919","0.283188747208161","0.36309247143682255","0.07990372422866154","55","156","0.3437050045813517","1.2602205980235383e-7","1.2277380399898834e-7","0.28195638527280714","0.43025845348437924","0.14830206821157213","1242","실험 추정; 미래 우월성 미확인"
"low_count","22 이하 번호 개수","4","4개","true","1850695","124","522","0.23754789272030652","0.22721686519190773","118.60720363017583","1.0454676967736227","0.20303974108585016","0.275890656272889","0.07285091518703882","37","156","0.23219817618569744","1.254653933715158e-7","1.2277380399898834e-7","0.17725337497525034","0.3097382941136472","0.1324849191383968","1242","실험 추정; 미래 우월성 미확인"
"low_count","22 이하 번호 개수","5","5개","true","605682","38","522","0.07279693486590039","0.07436188315371525","38.816903006239365","0.9789549669609641","0.05349385883670556","0.09834175146255601","0.04484789262585045","9","156","0.06602709542301148","1.0901280774896972e-7","1.2277380399898834e-7","0.03064574216379553","0.10599877410776384","0.07535303194396832","1242","실험 추정; 미래 우월성 미확인"
"low_count","22 이하 번호 개수","6","6개","true","74613","6","522","0.011494252873563218","0.009160521837776518","4.781792399319342","1.254759617095477","0.005278273303937627","0.024847648787146258","0.01956937548320863","2","156","0.01099051732914467","1.4730030060639124e-7","1.2277380399898834e-7","0.0035229170716722553","0.04553481099555255","0.04201189392388029","1242","실험 추정; 미래 우월성 미확인"
"sum_bin","여섯 번호 합계","21-89","21~89","true","434395","22","522","0.0421455938697318","0.05333232658814054","27.839474479009365","0.7902448020916394","0.02799466883834159","0.06298609735683115","0.03499142851848956","9","156","0.05551231714022412","1.2779225621893466e-7","1.2277380399898834e-7","0.03064574216379553","0.10599877410776384","0.07535303194396832","1242","실험 추정; 미래 우월성 미확인"
"sum_bin","여섯 번호 합계","90-119","90~119","true","1789726","117","522","0.22413793103448276","0.21973146913589342","114.69982688893637","1.0200538498919522","0.1904535724812974","0.2618528305819029","0.07139925810060552","30","156","0.20601958072179288","1.1511235838435206e-7","1.2277380399898834e-7","0.1381588945500224","0.2612459863345406","0.1230870917845182","1242","실험 추정; 미래 우월성 미확인"
"sum_bin","여섯 번호 합계","120-149","120~149","true","3037490","197","522","0.3773946360153257","0.3729242019088871","194.66643339643906","1.0119875140405363","0.33684967390436193","0.4197309496792827","0.08288127577492083","61","156","0.3819749214672641","1.257534745685629e-7","1.2277380399898834e-7","0.31794989228667325","0.46933933635994274","0.15138944407326954","1242","실험 추정; 미래 우월성 미확인"
"sum_bin","여섯 번호 합계","150-179","150~179","true","2190622","131","522","0.2509578544061303","0.26895099606387185","140.39241994534112","0.9330988101138378","0.21567522552685692","0.28987916612742115","0.07420394060056425","46","156","0.28191139546783334","1.286901142542316e-7","1.2277380399898834e-7","0.22894057633681122","0.3706626775862307","0.14172210124941947","1242","실험 추정; 미래 우월성 미확인"
"sum_bin","여섯 번호 합계","180-255","180~255","true","692827","55","522","0.1053639846743295","0.08506100630320709","44.4018452902741","1.238687258163285","0.0818474733317666","0.1346464088280894","0.05279893549632279","10","156","0.0745817852028856","1.0764849695939332e-7","1.2277380399898834e-7","0.03518858274470879","0.1139683318417555","0.07877974909704671","1242","실험 추정; 미래 우월성 미확인"
"adjacent_pairs","인접 연속번호 쌍","0","0쌍","true","3838380","250","522","0.4789272030651341","0.47125251379363686","245.99381220027846","1.0162857259046008","0.43638315499268077","0.5217791396857582","0.08539598469307741","70","156","0.4599852312557928","1.1983837745501822e-7","1.2277380399898834e-7","0.37283653745202533","0.5270642760287351","0.15422773857670977","1242","실험 추정; 미래 우월성 미확인"
"adjacent_pairs","인접 연속번호 쌍","1","1쌍","true","3290040","214","522","0.4099616858237548","0.40393072610883163","210.8518390288101","1.0149306782700611","0.36857723362403166","0.45266166182020734","0.08408442819617568","68","156","0.41991408100313377","1.2763190751575476e-7","1.2277380399898834e-7","0.3605494424755592","0.5143265743753913","0.15377713189983208","1242","실험 추정; 미래 우월성 미확인"
"adjacent_pairs","인접 연속번호 쌍","2","2쌍","true","913900","51","522","0.09770114942528736","0.11220297947467545","58.56995528578058","0.8707536099550619","0.07509315616303014","0.12618701497080365","0.0510938588077735","13","156","0.0977681564040044","1.0697905285480292e-7","1.2277380399898834e-7","0.049345650854239156","0.13734845867693996","0.08800280782270078","1242","실험 추정; 미래 우월성 미확인"
"adjacent_pairs","인접 연속번호 쌍","3","3쌍","true","98800","6","522","0.011494252873563218","0.01213005183510005","6.331887057922225","0.9475848108334496","0.005278273303937627","0.024847648787146258","0.01956937548320863","4","156","0.018885538738062844","1.9114917751075753e-7","1.2277380399898834e-7","0.010015466073008981","0.0640670586240257","0.054051592551016714","1242","실험 추정; 미래 우월성 미확인"
"adjacent_pairs","인접 연속번호 쌍","4","4쌍","true","3900","1","522","0.0019157088122605363","0.0004788178355960545","0.24994291018114045","4.000913645741232","0.0003382497261719287","0.010770533582384188","0.01043228385621226","1","156","0.0034445371229262322","8.832146469041621e-7","1.2277380399898834e-7","0.0011324653171247909","0.035412864435195084","0.03428039911807029","1242","실험 추정; 미래 우월성 미확인"
"adjacent_pairs","인접 연속번호 쌍","5","5쌍","true","40","0","522","0","0.000004910952159959534","0.002563517027498877","0","0","0.007305355552050563","0.007305355552050563","0","156","0.000002455476079979767","6.138690199949417e-8","1.2277380399898834e-7","0","0.024032931437414938","0.02403293143741494","1242","실험 추정; 미래 우월성 미확인"
"last_digit_distinct","끝자리 종류 개수","1","1종류","false","0","0","522","0","0","0","","","","","0","156","0","","1.2277380399898834e-7","","","","1242","실험 추정; 미래 우월성 미확인"
"last_digit_distinct","끝자리 종류 개수","2","2종류","true","4480","0","522","0","0.0005500266419154677","0.28711390707987416","0","0","0.007305355552050563","0.007305355552050563","0","156","0.00027501332095773386","6.138690199949417e-8","1.2277380399898834e-7","0","0.024032931437414938","0.02403293143741494","1242","실험 추정; 미래 우월성 미확인"
"last_digit_distinct","끝자리 종류 개수","3","3종류","true","259400","21","522","0.040229885057471264","0.03184752475733758","16.624407923330214","1.2632028819822934","0.026461155129658156","0.06071618330900902","0.03425502817935087","6","156","0.03515453160943802","1.3552248114663846e-7","1.2277380399898834e-7","0.0177444321590843","0.08136288916776027","0.06361845700867597","1242","실험 추정; 미래 우월성 미확인"
"last_digit_distinct","끝자리 종류 개수","4","4종류","true","2124400","152","522","0.29118773946360155","0.26082066921545083","136.14838933046533","1.1164289254356066","0.2538527488510691","0.3315736256898256","0.07772087683875645","39","156","0.2554103346077254","1.2022704509872218e-7","1.2277380399898834e-7","0.1886118419574106","0.3234046237612968","0.1347927818038862","1242","실험 추정; 미래 우월성 미확인"
"last_digit_distinct","끝자리 종류 개수","5","5종류","true","4048680","238","522","0.4559386973180077","0.4970718447746241","259.4715029723538","0.9172490900681238","0.41368993491065165","0.4988312266897207","0.08514129177906898","74","156","0.48571540956679915","1.1996883170979162e-7","1.2277380399898834e-7","0.39756194963628044","0.5523884571040997","0.15482650746781923","1242","실험 추정; 미래 우월성 미확인"
"last_digit_distinct","끝자리 종류 개수","6","6종류","true","1708100","111","522","0.21264367816091953","0.209709934610672","109.46858586677078","1.0139895306137692","0.17970699693999745","0.2497788395841695","0.07007184264417204","37","156","0.2234447108950796","1.3081477132198326e-7","1.2277380399898834e-7","0.17725337497525034","0.3097382941136472","0.1324849191383968","1242","실험 추정; 미래 우월성 미확인"
"prime_count","소수 개수","0","0개","true","736281","48","522","0.09195402298850575","0.09039601918217914","47.18672201309751","1.0172353143470476","0.07005780625842065","0.11981208160589646","0.04975427534747582","10","156","0.07724929164237161","1.049182195960124e-7","1.2277380399898834e-7","0.03518858274470879","0.1139683318417555","0.07877974909704671","1242","실험 추정; 미래 우월성 미확인"
"prime_count","소수 개수","1","1개","true","2378754","159","522","0.3045977011494253","0.29204867735780954","152.44940958077657","1.0429689458111844","0.26666221852128863","0.34538815031514497","0.07872593179385634","49","156","0.30307562073018685","1.2740940035421353e-7","1.2277380399898834e-7","0.2464753823982812","0.3906650664694756","0.1441896840711944","1242","실험 추정; 미래 우월성 미확인"
"prime_count","소수 개수","2","2개","true","2863315","182","522","0.3486590038314176","0.3515400745973633","183.50391893982365","0.9918044314883715","0.309018577237155","0.3905106299989063","0.08149205276175127","59","156","0.3648726014012458","1.27430129553069e-7","1.2277380399898834e-7","0.30589727453418103","0.456367157482625","0.15046988294844404","1242","실험 추정; 미래 우월성 미확인"
"prime_count","소수 개수","3","3개","true","1636180","99","522","0.1896551724137931","0.20088004262706474","104.8593822513278","0.9441215261283536","0.15833855178625678","0.2255061516598435","0.06716759987358675","27","156","0.18697848285199392","1.1427745287926384e-7","1.2277380399898834e-7","0.12176158914263831","0.2401060967972099","0.11834450765457158","1242","실험 추정; 미래 우월성 미확인"
"prime_count","소수 개수","4","4개","true","465465","31","522","0.05938697318007663","0.05714690867838911","29.830686330119118","1.0391983495431771","0.0421500207531966","0.08306159525052612","0.04091157449732952","11","156","0.06382986459560482","1.3713139461743594e-7","1.2277380399898834e-7","0.03982640176459421","0.12184291113677503","0.08201650937218082","1242","실험 추정; 미래 우월성 미확인"
"prime_count","소수 개수","5","5개","true","62062","3","522","0.005747126436781609","0.007619587823785214","3.9774248440158817","0.7542568666039189","0.001956426716828272","0.016759212104738953","0.01480278538791068","0","156","0.003809793911892607","6.138690199949417e-8","1.2277380399898834e-7","0","0.024032931437414938","0.02403293143741494","1242","실험 추정; 미래 우월성 미확인"
"prime_count","소수 개수","6","6개","true","3003","0","522","0","0.000368689733408962","0.19245604083947815","0","0","0.007305355552050563","0.007305355552050563","0","156","0.000184344866704481","6.138690199949417e-8","1.2277380399898834e-7","0","0.024032931437414938","0.02403293143741494","1242","실험 추정; 미래 우월성 미확인"
"decade_occupancy","번호 구간별 개수","0,0,0,1,5","0 · 0 · 0 · 1 · 5","true","10","0","522","0","0.0000012277380399898835","0.0006408792568747192","0","0","0.007305355552050563","0.007305355552050563","0","156","6.138690199949418e-7","6.138690199949417e-8","1.2277380399898834e-7","0","0.024032931437414938","0.02403293143741494","1242","실험 추정; 미래 우월성 미확인"
"decade_occupancy","번호 구간별 개수","0,0,0,2,4","0 · 0 · 0 · 2 · 4","true","225","0","522","0","0.00002762410589977238","0.014419783279681181","0","0","0.007305355552050563","0.007305355552050563","0","156","0.00001381205294988619","6.138690199949417e-8","1.2277380399898834e-7","0","0.024032931437414938","0.02403293143741494","1242","실험 추정; 미래 우월성 미확인"
"decade_occupancy","번호 구간별 개수","0,0,0,3,3","0 · 0 · 0 · 3 · 3","true","1200","0","522","0","0.000147328564798786","0.0769055108249663","0","0","0.007305355552050563","0.007305355552050563","0","156","0.000073664282399393","6.138690199949417e-8","1.2277380399898834e-7","0","0.024032931437414938","0.02403293143741494","1242","실험 추정; 미래 우월성 미확인"
"decade_occupancy","번호 구간별 개수","0,0,0,4,2","0 · 0 · 0 · 4 · 2","true","2100","0","522","0","0.0002578249883978755","0.13458464394369102","0","0","0.007305355552050563","0.007305355552050563","0","156","0.00012891249419893776","6.138690199949417e-8","1.2277380399898834e-7","0","0.024032931437414938","0.02403293143741494","1242","실험 추정; 미래 우월성 미확인"
"decade_occupancy","번호 구간별 개수","0,0,0,5,1","0 · 0 · 0 · 5 · 1","true","1260","0","522","0","0.0001546949930387253","0.08075078636621462","0","0","0.007305355552050563","0.007305355552050563","0","156","0.00007734749651936266","6.138690199949417e-8","1.2277380399898834e-7","0","0.024032931437414938","0.02403293143741494","1242","실험 추정; 미래 우월성 미확인"
"decade_occupancy","번호 구간별 개수","0,0,0,6,0","0 · 0 · 0 · 6 · 0","true","210","0","522","0","0.000025782498839787553","0.013458464394369103","0","0","0.007305355552050563","0.007305355552050563","0","156","0.000012891249419893777","6.138690199949417e-8","1.2277380399898834e-7","0","0.024032931437414938","0.02403293143741494","1242","실험 추정; 미래 우월성 미확인"
"decade_occupancy","번호 구간별 개수","0,0,1,0,5","0 · 0 · 1 · 0 · 5","true","10","0","522","0","0.0000012277380399898835","0.0006408792568747192","0","0","0.007305355552050563","0.007305355552050563","0","156","6.138690199949418e-7","6.138690199949417e-8","1.2277380399898834e-7","0","0.024032931437414938","0.02403293143741494","1242","실험 추정; 미래 우월성 미확인"
"decade_occupancy","번호 구간별 개수","0,0,1,1,4","0 · 0 · 1 · 1 · 4","true","500","0","522","0","0.00006138690199949418","0.03204396284373596","0","0","0.007305355552050563","0.007305355552050563","0","156","0.00003069345099974709","6.138690199949418e-8","1.2277380399898834e-7","0","0.024032931437414938","0.02403293143741494","1242","실험 추정; 미래 우월성 미확인"
"decade_occupancy","번호 구간별 개수","0,0,1,2,3","0 · 0 · 1 · 2 · 3","true","4500","1","522","0.0019157088122605363","0.0005524821179954476","0.2883956655936236","3.4674584929757337","0.0003382497261719287","0.010770533582384188","0.01043228385621226","0","156","0.0002762410589977238","6.138690199949417e-8","1.2277380399898834e-7","0","0.024032931437414938","0.02403293143741494","1242","실험 추정; 미래 우월성 미확인"
"decade_occupancy","번호 구간별 개수","0,0,1,3,2","0 · 0 · 1 · 3 · 2","true","12000","2","522","0.0038314176245210726","0.0014732856479878602","0.769055108249663","2.6005938697318007","0.0010513424945747156","0.013860868570486955","0.012809526075912238","2","156","0.00714689923425034","5.955749361875283e-7","1.2277380399898834e-7","0.0035229170716722553","0.04553481099555255","0.04201189392388029","1242","실험 추정; 미래 우월성 미확인"
"decade_occupancy","번호 구간별 개수","0,0,1,4,1","0 · 0 · 1 · 4 · 1","true","10500","0","522","0","0.0012891249419893776","0.672923219718455","0","0","0.007305355552050563","0.007305355552050563","0","156","0.0006445624709946888","6.138690199949417e-8","1.2277380399898834e-7","0","0.024032931437414938","0.02403293143741494","1242","실험 추정; 미래 우월성 미확인"
"decade_occupancy","번호 구간별 개수","0,0,1,5,0","0 · 0 · 1 · 5 · 0","true","2520","2","522","0.0038314176245210726","0.0003093899860774506","0.16150157273242924","12.383780332056194","0.0010513424945747156","0.013860868570486955","0.012809526075912238","1","156","0.0033598231981669304","0.000001333263173875766","1.2277380399898834e-7","0.0011324653171247909","0.035412864435195084","0.03428039911807029","1242","실험 추정; 미래 우월성 미확인"
"decade_occupancy","번호 구간별 개수","0,0,2,0,4","0 · 0 · 2 · 0 · 4","true","225","0","522","0","0.00002762410589977238","0.014419783279681181","0","0","0.007305355552050563","0.007305355552050563","0","156","0.00001381205294988619","6.138690199949417e-8","1.2277380399898834e-7","0","0.024032931437414938","0.02403293143741494","1242","실험 추정; 미래 우월성 미확인"
"decade_occupancy","번호 구간별 개수","0,0,2,1,3","0 · 0 · 2 · 1 · 3","true","4500","0","522","0","0.0005524821179954476","0.2883956655936236","0","0","0.007305355552050563","0.007305355552050563","0","156","0.0002762410589977238","6.138690199949417e-8","1.2277380399898834e-7","0","0.024032931437414938","0.02403293143741494","1242","실험 추정; 미래 우월성 미확인"
"decade_occupancy","번호 구간별 개수","0,0,2,2,2","0 · 0 · 2 · 2 · 2","true","20250","1","522","0.0019157088122605363","0.002486169530979514","1.2977804951713063","0.7705463317723853","0.0003382497261719287","0.010770533582384188","0.01043228385621226","0","156","0.001243084765489757","6.138690199949417e-8","1.2277380399898834e-7","0","0.024032931437414938","0.02403293143741494","1242","실험 추정; 미래 우월성 미확인"
"decade_occupancy","번호 구간별 개수","0,0,2,3,1","0 · 0 · 2 · 3 · 1","true","27000","1","522","0.0019157088122605363","0.003314892707972685","1.7303739935617417","0.577909748829289","0.0003382497261719287","0.010770533582384188","0.01043228385621226","1","156","0.004862574559114548","1.8009535404127955e-7","1.2277380399898834e-7","0.0011324653171247909","0.035412864435195084","0.03428039911807029","1242","실험 추정; 미래 우월성 미확인"
"decade_occupancy","번호 구간별 개수","0,0,2,4,0","0 · 0 · 2 · 4 · 0","true","9450","0","522","0","0.0011602124477904398","0.6056308977466096","0","0","0.007305355552050563","0.007305355552050563","0","156","0.0005801062238952199","6.138690199949417e-8","1.2277380399898834e-7","0","0.024032931437414938","0.02403293143741494","1242","실험 추정; 미래 우월성 미확인"
"decade_occupancy","번호 구간별 개수","0,0,3,0,3","0 · 0 · 3 · 0 · 3","true","1200","0","522","0","0.000147328564798786","0.0769055108249663","0","0","0.007305355552050563","0.007305355552050563","0","156","0.000073664282399393","6.138690199949417e-8","1.2277380399898834e-7","0","0.024032931437414938","0.02403293143741494","1242","실험 추정; 미래 우월성 미확인"
"decade_occupancy","번호 구간별 개수","0,0,3,1,2","0 · 0 · 3 · 1 · 2","true","12000","1","522","0.0019157088122605363","0.0014732856479878602","0.769055108249663","1.3002969348659004","0.0003382497261719287","0.010770533582384188","0.01043228385621226","0","156","0.0007366428239939301","6.138690199949417e-8","1.2277380399898834e-7","0","0.024032931437414938","0.02403293143741494","1242","실험 추정; 미래 우월성 미확인"
"decade_occupancy","번호 구간별 개수","0,0,3,2,1","0 · 0 · 3 · 2 · 1","true","27000","6","522","0.011494252873563218","0.003314892707972685","1.7303739935617417","3.4674584929757346","0.005278273303937627","0.024847648787146258","0.01956937548320863","1","156","0.004862574559114548","1.8009535404127955e-7","1.2277380399898834e-7","0.0011324653171247909","0.035412864435195084","0.03428039911807029","1242","실험 추정; 미래 우월성 미확인"
"decade_occupancy","번호 구간별 개수","0,0,3,3,0","0 · 0 · 3 · 3 · 0","true","14400","3","522","0.005747126436781609","0.0017679427775854322","0.9228661298995956","3.2507423371647506","0.001956426716828272","0.016759212104738953","0.01480278538791068","2","156","0.007294227799049127","5.065435971561894e-7","1.2277380399898834e-7","0.0035229170716722553","0.04553481099555255","0.04201189392388029","1242","실험 추정; 미래 우월성 미확인"
"decade_occupancy","번호 구간별 개수","0,0,4,0,2","0 · 0 · 4 · 0 · 2","true","2100","0","522","0","0.0002578249883978755","0.13458464394369102","0","0","0.007305355552050563","0.007305355552050563","0","156","0.00012891249419893776","6.138690199949417e-8","1.2277380399898834e-7","0","0.024032931437414938","0.02403293143741494","1242","실험 추정; 미래 우월성 미확인"
"decade_occupancy","번호 구간별 개수","0,0,4,1,1","0 · 0 · 4 · 1 · 1","true","10500","1","522","0.0019157088122605363","0.0012891249419893776","0.672923219718455","1.4860536398467432","0.0003382497261719287","0.010770533582384188","0.01043228385621226","0","156","0.0006445624709946888","6.138690199949417e-8","1.2277380399898834e-7","0","0.024032931437414938","0.02403293143741494","1242","실험 추정; 미래 우월성 미확인"
"decade_occupancy","번호 구간별 개수","0,0,4,2,0","0 · 0 · 4 · 2 · 0","true","9450","0","522","0","0.0011602124477904398","0.6056308977466096","0","0","0.007305355552050563","0.007305355552050563","0","156","0.0005801062238952199","6.138690199949417e-8","1.2277380399898834e-7","0","0.024032931437414938","0.02403293143741494","1242","실험 추정; 미래 우월성 미확인"
"decade_occupancy","번호 구간별 개수","0,0,5,0,1","0 · 0 · 5 · 0 · 1","true","1260","0","522","0","0.0001546949930387253","0.08075078636621462","0","0","0.007305355552050563","0.007305355552050563","0","156","0.00007734749651936266","6.138690199949417e-8","1.2277380399898834e-7","0","0.024032931437414938","0.02403293143741494","1242","실험 추정; 미래 우월성 미확인"
"decade_occupancy","번호 구간별 개수","0,0,5,1,0","0 · 0 · 5 · 1 · 0","true","2520","0","522","0","0.0003093899860774506","0.16150157273242924","0","0","0.007305355552050563","0.007305355552050563","0","156","0.0001546949930387253","6.138690199949417e-8","1.2277380399898834e-7","0","0.024032931437414938","0.02403293143741494","1242","실험 추정; 미래 우월성 미확인"
"decade_occupancy","번호 구간별 개수","0,0,6,0,0","0 · 0 · 6 · 0 · 0","true","210","0","522","0","0.000025782498839787553","0.013458464394369103","0","0","0.007305355552050563","0.007305355552050563","0","156","0.000012891249419893777","6.138690199949417e-8","1.2277380399898834e-7","0","0.024032931437414938","0.02403293143741494","1242","실험 추정; 미래 우월성 미확인"
"decade_occupancy","번호 구간별 개수","0,1,0,0,5","0 · 1 · 0 · 0 · 5","true","10","0","522","0","0.0000012277380399898835","0.0006408792568747192","0","0","0.007305355552050563","0.007305355552050563","0","156","6.138690199949418e-7","6.138690199949417e-8","1.2277380399898834e-7","0","0.024032931437414938","0.02403293143741494","1242","실험 추정; 미래 우월성 미확인"
"decade_occupancy","번호 구간별 개수","0,1,0,1,4","0 · 1 · 0 · 1 · 4","true","500","0","522","0","0.00006138690199949418","0.03204396284373596","0","0","0.007305355552050563","0.007305355552050563","0","156","0.00003069345099974709","6.138690199949418e-8","1.2277380399898834e-7","0","0.024032931437414938","0.02403293143741494","1242","실험 추정; 미래 우월성 미확인"
"decade_occupancy","번호 구간별 개수","0,1,0,2,3","0 · 1 · 0 · 2 · 3","true","4500","1","522","0.0019157088122605363","0.0005524821179954476","0.2883956655936236","3.4674584929757337","0.0003382497261719287","0.010770533582384188","0.01043228385621226","0","156","0.0002762410589977238","6.138690199949417e-8","1.2277380399898834e-7","0","0.024032931437414938","0.02403293143741494","1242","실험 추정; 미래 우월성 미확인"
"decade_occupancy","번호 구간별 개수","0,1,0,3,2","0 · 1 · 0 · 3 · 2","true","12000","2","522","0.0038314176245210726","0.0014732856479878602","0.769055108249663","2.6005938697318007","0.0010513424945747156","0.013860868570486955","0.012809526075912238","0","156","0.0007366428239939301","6.138690199949417e-8","1.2277380399898834e-7","0","0.024032931437414938","0.02403293143741494","1242","실험 추정; 미래 우월성 미확인"
"decade_occupancy","번호 구간별 개수","0,1,0,4,1","0 · 1 · 0 · 4 · 1","true","10500","0","522","0","0.0012891249419893776","0.672923219718455","0","0","0.007305355552050563","0.007305355552050563","0","156","0.0006445624709946888","6.138690199949417e-8","1.2277380399898834e-7","0","0.024032931437414938","0.02403293143741494","1242","실험 추정; 미래 우월성 미확인"
"decade_occupancy","번호 구간별 개수","0,1,0,5,0","0 · 1 · 0 · 5 · 0","true","2520","1","522","0.0019157088122605363","0.0003093899860774506","0.16150157273242924","6.191890166028097","0.0003382497261719287","0.010770533582384188","0.01043228385621226","1","156","0.0033598231981669304","0.000001333263173875766","1.2277380399898834e-7","0.0011324653171247909","0.035412864435195084","0.03428039911807029","1242","실험 추정; 미래 우월성 미확인"
"decade_occupancy","번호 구간별 개수","0,1,1,0,4","0 · 1 · 1 · 0 · 4","true","500","0","522","0","0.00006138690199949418","0.03204396284373596","0","0","0.007305355552050563","0.007305355552050563","0","156","0.00003069345099974709","6.138690199949418e-8","1.2277380399898834e-7","0","0.024032931437414938","0.02403293143741494","1242","실험 추정; 미래 우월성 미확인"
"decade_occupancy","번호 구간별 개수","0,1,1,1,3","0 · 1 · 1 · 1 · 3","true","10000","0","522","0","0.0012277380399898835","0.6408792568747191","0","0","0.007305355552050563","0.007305355552050563","0","156","0.0006138690199949418","6.138690199949417e-8","1.2277380399898834e-7","0","0.024032931437414938","0.02403293143741494","1242","실험 추정; 미래 우월성 미확인"
"decade_occupancy","번호 구간별 개수","0,1,1,2,2","0 · 1 · 1 · 2 · 2","true","45000","2","522","0.0038314176245210726","0.005524821179954476","2.8839566559362364","0.6934916985951468","0.0010513424945747156","0.013860868570486955","0.012809526075912238","0","156","0.002762410589977238","6.138690199949417e-8","1.2277380399898834e-7","0","0.024032931437414938","0.02403293143741494","1242","실험 추정; 미래 우월성 미확인"
"decade_occupancy","번호 구간별 개수","0,1,1,3,1","0 · 1 · 1 · 3 · 1","true","60000","9","522","0.017241379310344827","0.007366428239939301","3.845275541248315","2.3405344827586205","0.00909674645631465","0.032439458904285894","0.02334271244797124","0","156","0.0036832141199696503","6.138690199949417e-8","1.2277380399898834e-7","0","0.024032931437414938","0.02403293143741494","1242","실험 추정; 미래 우월성 미확인"
"decade_occupancy","번호 구간별 개수","0,1,1,4,0","0 · 1 · 1 · 4 · 0","true","21000","2","522","0.0038314176245210726","0.002578249883978755","1.34584643943691","1.4860536398467432","0.0010513424945747156","0.013860868570486955","0.012809526075912238","0","156","0.0012891249419893776","6.138690199949417e-8","1.2277380399898834e-7","0","0.024032931437414938","0.02403293143741494","1242","실험 추정; 미래 우월성 미확인"
"decade_occupancy","번호 구간별 개수","0,1,2,0,3","0 · 1 · 2 · 0 · 3","true","4500","0","522","0","0.0005524821179954476","0.2883956655936236","0","0","0.007305355552050563","0.007305355552050563","0","156","0.0002762410589977238","6.138690199949417e-8","1.2277380399898834e-7","0","0.024032931437414938","0.02403293143741494","1242","실험 추정; 미래 우월성 미확인"
"decade_occupancy","번호 구간별 개수","0,1,2,1,2","0 · 1 · 2 · 1 · 2","true","45000","4","522","0.007662835249042145","0.005524821179954476","2.8839566559362364","1.3869833971902936","0.0029838454428542643","0.01953522113521851","0.016551375692364246","0","156","0.002762410589977238","6.138690199949417e-8","1.2277380399898834e-7","0","0.024032931437414938","0.02403293143741494","1242","실험 추정; 미래 우월성 미확인"
"decade_occupancy","번호 구간별 개수","0,1,2,2,1","0 · 1 · 2 · 2 · 1","true","101250","6","522","0.011494252873563218","0.01243084765489757","6.4889024758565315","0.9246555981268625","0.005278273303937627","0.024847648787146258","0.01956937548320863","0","156","0.006215423827448785","6.138690199949417e-8","1.2277380399898834e-7","0","0.024032931437414938","0.02403293143741494","1242","실험 추정; 미래 우월성 미확인"
"decade_occupancy","번호 구간별 개수","0,1,2,3,0","0 · 1 · 2 · 3 · 0","true","54000","0","522","0","0.00662978541594537","3.4607479871234834","0","0","0.007305355552050563","0.007305355552050563","0","156","0.003314892707972685","6.138690199949417e-8","1.2277380399898834e-7","0","0.024032931437414938","0.02403293143741494","1242","실험 추정; 미래 우월성 미확인"
"decade_occupancy","번호 구간별 개수","0,1,3,0,2","0 · 1 · 3 · 0 · 2","true","12000","0","522","0","0.0014732856479878602","0.769055108249663","0","0","0.007305355552050563","0.007305355552050563","0","156","0.0007366428239939301","6.138690199949417e-8","1.2277380399898834e-7","0","0.024032931437414938","0.02403293143741494","1242","실험 추정; 미래 우월성 미확인"
"decade_occupancy","번호 구간별 개수","0,1,3,1,1","0 · 1 · 3 · 1 · 1","true","60000","3","522","0.005747126436781609","0.007366428239939301","3.845275541248315","0.7801781609195402","0.001956426716828272","0.016759212104738953","0.01480278538791068","2","156","0.01009347053022606","1.6822450883710098e-7","1.2277380399898834e-7","0.0035229170716722553","0.04553481099555255","0.04201189392388029","1242","실험 추정; 미래 우월성 미확인"
"decade_occupancy","번호 구간별 개수","0,1,3,2,0","0 · 1 · 3 · 2 · 0","true","54000","2","522","0.0038314176245210726","0.00662978541594537","3.4607479871234834","0.577909748829289","0.0010513424945747156","0.013860868570486955","0.012809526075912238","1","156","0.0065200209131008905","1.2074112802038686e-7","1.2277380399898834e-7","0.0011324653171247909","0.035412864435195084","0.03428039911807029","1242","실험 추정; 미래 우월성 미확인"
"decade_occupancy","번호 구간별 개수","0,1,4,0,1","0 · 1 · 4 · 0 · 1","true","10500","1","522","0.0019157088122605363","0.0012891249419893776","0.672923219718455","1.4860536398467432","0.0003382497261719287","0.010770533582384188","0.01043228385621226","1","156","0.0038496906761228936","3.6663720724979937e-7","1.2277380399898834e-7","0.0011324653171247909","0.035412864435195084","0.03428039911807029","1242","실험 추정; 미래 우월성 미확인"
"decade_occupancy","번호 구간별 개수","0,1,4,1,0","0 · 1 · 4 · 1 · 0","true","21000","1","522","0.0019157088122605363","0.002578249883978755","1.34584643943691","0.7430268199233716","0.0003382497261719287","0.010770533582384188","0.01043228385621226","0","156","0.0012891249419893776","6.138690199949417e-8","1.2277380399898834e-7","0","0.024032931437414938","0.02403293143741494","1242","실험 추정; 미래 우월성 미확인"
"decade_occupancy","번호 구간별 개수","0,1,5,0,0","0 · 1 · 5 · 0 · 0","true","2520","1","522","0.0019157088122605363","0.0003093899860774506","0.16150157273242924","6.191890166028097","0.0003382497261719287","0.010770533582384188","0.01043228385621226","1","156","0.0033598231981669304","0.000001333263173875766","1.2277380399898834e-7","0.0011324653171247909","0.035412864435195084","0.03428039911807029","1242","실험 추정; 미래 우월성 미확인"
"decade_occupancy","번호 구간별 개수","0,2,0,0,4","0 · 2 · 0 · 0 · 4","true","225","0","522","0","0.00002762410589977238","0.014419783279681181","0","0","0.007305355552050563","0.007305355552050563","0","156","0.00001381205294988619","6.138690199949417e-8","1.2277380399898834e-7","0","0.024032931437414938","0.02403293143741494","1242","실험 추정; 미래 우월성 미확인"
"decade_occupancy","번호 구간별 개수","0,2,0,1,3","0 · 2 · 0 · 1 · 3","true","4500","0","522","0","0.0005524821179954476","0.2883956655936236","0","0","0.007305355552050563","0.007305355552050563","0","156","0.0002762410589977238","6.138690199949417e-8","1.2277380399898834e-7","0","0.024032931437414938","0.02403293143741494","1242","실험 추정; 미래 우월성 미확인"
"decade_occupancy","번호 구간별 개수","0,2,0,2,2","0 · 2 · 0 · 2 · 2","true","20250","0","522","0","0.002486169530979514","1.2977804951713063","0","0","0.007305355552050563","0.007305355552050563","0","156","0.001243084765489757","6.138690199949417e-8","1.2277380399898834e-7","0","0.024032931437414938","0.02403293143741494","1242","실험 추정; 미래 우월성 미확인"
"decade_occupancy","번호 구간별 개수","0,2,0,3,1","0 · 2 · 0 · 3 · 1","true","27000","0","522","0","0.003314892707972685","1.7303739935617417","0","0","0.007305355552050563","0.007305355552050563","0","156","0.0016574463539863425","6.138690199949417e-8","1.2277380399898834e-7","0","0.024032931437414938","0.02403293143741494","1242","실험 추정; 미래 우월성 미확인"
"decade_occupancy","번호 구간별 개수","0,2,0,4,0","0 · 2 · 0 · 4 · 0","true","9450","0","522","0","0.0011602124477904398","0.6056308977466096","0","0","0.007305355552050563","0.007305355552050563","0","156","0.0005801062238952199","6.138690199949417e-8","1.2277380399898834e-7","0","0.024032931437414938","0.02403293143741494","1242","실험 추정; 미래 우월성 미확인"
"decade_occupancy","번호 구간별 개수","0,2,1,0,3","0 · 2 · 1 · 0 · 3","true","4500","1","522","0.0019157088122605363","0.0005524821179954476","0.2883956655936236","3.4674584929757337","0.0003382497261719287","0.010770533582384188","0.01043228385621226","0","156","0.0002762410589977238","6.138690199949417e-8","1.2277380399898834e-7","0","0.024032931437414938","0.02403293143741494","1242","실험 추정; 미래 우월성 미확인"
"decade_occupancy","번호 구간별 개수","0,2,1,1,2","0 · 2 · 1 · 1 · 2","true","45000","6","522","0.011494252873563218","0.005524821179954476","2.8839566559362364","2.0804750957854403","0.005278273303937627","0.024847648787146258","0.01956937548320863","1","156","0.005967538795105443","1.326119732245654e-7","1.2277380399898834e-7","0.0011324653171247909","0.035412864435195084","0.03428039911807029","1242","실험 추정; 미래 우월성 미확인"
"decade_occupancy","번호 구간별 개수","0,2,1,2,1","0 · 2 · 1 · 2 · 1","true","101250","8","522","0.01532567049808429","0.01243084765489757","6.4889024758565315","1.2328741308358167","0.007785761374318736","0.029947016229776247","0.022161254855457512","1","156","0.00942055203257699","9.304248921063694e-8","1.2277380399898834e-7","0.0011324653171247909","0.035412864435195084","0.03428039911807029","1242","실험 추정; 미래 우월성 미확인"
"decade_occupancy","번호 구간별 개수","0,2,1,3,0","0 · 2 · 1 · 3 · 0","true","54000","2","522","0.0038314176245210726","0.00662978541594537","3.4607479871234834","0.577909748829289","0.0010513424945747156","0.013860868570486955","0.012809526075912238","1","156","0.0065200209131008905","1.2074112802038686e-7","1.2277380399898834e-7","0.0011324653171247909","0.035412864435195084","0.03428039911807029","1242","실험 추정; 미래 우월성 미확인"
"decade_occupancy","번호 구간별 개수","0,2,2,0,2","0 · 2 · 2 · 0 · 2","true","20250","1","522","0.0019157088122605363","0.002486169530979514","1.2977804951713063","0.7705463317723853","0.0003382497261719287","0.010770533582384188","0.01043228385621226","1","156","0.004448212970617962","2.19664838055208e-7","1.2277380399898834e-7","0.0011324653171247909","0.035412864435195084","0.03428039911807029","1242","실험 추정; 미래 우월성 미확인"
"decade_occupancy","번호 구간별 개수","0,2,2,1,1","0 · 2 · 2 · 1 · 1","true","101250","6","522","0.011494252873563218","0.01243084765489757","6.4889024758565315","0.9246555981268625","0.005278273303937627","0.024847648787146258","0.01956937548320863","1","156","0.00942055203257699","9.304248921063694e-8","1.2277380399898834e-7","0.0011324653171247909","0.035412864435195084","0.03428039911807029","1242","실험 추정; 미래 우월성 미확인"
"decade_occupancy","번호 구간별 개수","0,2,2,2,0","0 · 2 · 2 · 2 · 0","true","91125","11","522","0.0210727969348659","0.011187762889407813","5.840012228270878","1.8835576998880532","0.011806681288622858","0.037336379584988796","0.025529698296365935","6","156","0.024824650675473136","2.724241500737793e-7","1.2277380399898834e-7","0.0177444321590843","0.08136288916776027","0.06361845700867597","1242","실험 추정; 미래 우월성 미확인"
"decade_occupancy","번호 구간별 개수","0,2,3,0,1","0 · 2 · 3 · 0 · 1","true","27000","2","522","0.0038314176245210726","0.003314892707972685","1.7303739935617417","1.155819497658578","0.0010513424945747156","0.013860868570486955","0.012809526075912238","0","156","0.0016574463539863425","6.138690199949417e-8","1.2277380399898834e-7","0","0.024032931437414938","0.02403293143741494","1242","실험 추정; 미래 우월성 미확인"
"decade_occupancy","번호 구간별 개수","0,2,3,1,0","0 · 2 · 3 · 1 · 0","true","54000","3","522","0.005747126436781609","0.00662978541594537","3.4607479871234834","0.8668646232439337","0.001956426716828272","0.016759212104738953","0.01480278538791068","0","156","0.003314892707972685","6.138690199949417e-8","1.2277380399898834e-7","0","0.024032931437414938","0.02403293143741494","1242","실험 추정; 미래 우월성 미확인"
"decade_occupancy","번호 구간별 개수","0,2,4,0,0","0 · 2 · 4 · 0 · 0","true","9450","2","522","0.0038314176245210726","0.0011602124477904398","0.6056308977466096","3.3023414218816516","0.0010513424945747156","0.013860868570486955","0.012809526075912238","1","156","0.003785234429023425","4.0055390783316666e-7","1.2277380399898834e-7","0.0011324653171247909","0.035412864435195084","0.03428039911807029","1242","실험 추정; 미래 우월성 미확인"
"decade_occupancy","번호 구간별 개수","0,3,0,0,3","0 · 3 · 0 · 0 · 3","true","1200","0","522","0","0.000147328564798786","0.0769055108249663","0","0","0.007305355552050563","0.007305355552050563","0","156","0.000073664282399393","6.138690199949417e-8","1.2277380399898834e-7","0","0.024032931437414938","0.02403293143741494","1242","실험 추정; 미래 우월성 미확인"
"decade_occupancy","번호 구간별 개수","0,3,0,1,2","0 · 3 · 0 · 1 · 2","true","12000","0","522","0","0.0014732856479878602","0.769055108249663","0","0","0.007305355552050563","0.007305355552050563","0","156","0.0007366428239939301","6.138690199949417e-8","1.2277380399898834e-7","0","0.024032931437414938","0.02403293143741494","1242","실험 추정; 미래 우월성 미확인"
"decade_occupancy","번호 구간별 개수","0,3,0,2,1","0 · 3 · 0 · 2 · 1","true","27000","0","522","0","0.003314892707972685","1.7303739935617417","0","0","0.007305355552050563","0.007305355552050563","0","156","0.0016574463539863425","6.138690199949417e-8","1.2277380399898834e-7","0","0.024032931437414938","0.02403293143741494","1242","실험 추정; 미래 우월성 미확인"
"decade_occupancy","번호 구간별 개수","0,3,0,3,0","0 · 3 · 0 · 3 · 0","true","14400","1","522","0.0019157088122605363","0.0017679427775854322","0.9228661298995956","1.0835807790549168","0.0003382497261719287","0.010770533582384188","0.01043228385621226","1","156","0.004089099593920922","2.839652495778418e-7","1.2277380399898834e-7","0.0011324653171247909","0.035412864435195084","0.03428039911807029","1242","실험 추정; 미래 우월성 미확인"
"decade_occupancy","번호 구간별 개수","0,3,1,0,2","0 · 3 · 1 · 0 · 2","true","12000","1","522","0.0019157088122605363","0.0014732856479878602","0.769055108249663","1.3002969348659004","0.0003382497261719287","0.010770533582384188","0.01043228385621226","1","156","0.003941771029122135","3.284809190935113e-7","1.2277380399898834e-7","0.0011324653171247909","0.035412864435195084","0.03428039911807029","1242","실험 추정; 미래 우월성 미확인"
"decade_occupancy","번호 구간별 개수","0,3,1,1,1","0 · 3 · 1 · 1 · 1","true","60000","5","522","0.009578544061302681","0.007366428239939301","3.845275541248315","1.3002969348659004","0.00409812540244997","0.02222436893212836","0.018126243529678388","2","156","0.01009347053022606","1.6822450883710098e-7","1.2277380399898834e-7","0.0035229170716722553","0.04553481099555255","0.04201189392388029","1242","실험 추정; 미래 우월성 미확인"
"decade_occupancy","번호 구간별 개수","0,3,1,2,0","0 · 3 · 1 · 2 · 0","true","54000","1","522","0.0019157088122605363","0.00662978541594537","3.4607479871234834","0.2889548744146445","0.0003382497261719287","0.010770533582384188","0.01043228385621226","0","156","0.003314892707972685","6.138690199949417e-8","1.2277380399898834e-7","0","0.024032931437414938","0.02403293143741494","1242","실험 추정; 미래 우월성 미확인"
"decade_occupancy","번호 구간별 개수","0,3,2,0,1","0 · 3 · 2 · 0 · 1","true","27000","3","522","0.005747126436781609","0.003314892707972685","1.7303739935617417","1.7337292464878673","0.001956426716828272","0.016759212104738953","0.01480278538791068","0","156","0.0016574463539863425","6.138690199949417e-8","1.2277380399898834e-7","0","0.024032931437414938","0.02403293143741494","1242","실험 추정; 미래 우월성 미확인"
"decade_occupancy","번호 구간별 개수","0,3,2,1,0","0 · 3 · 2 · 1 · 0","true","54000","5","522","0.009578544061302681","0.00662978541594537","3.4607479871234834","1.4447743720732227","0.00409812540244997","0.02222436893212836","0.018126243529678388","3","156","0.012930277323357301","2.3944958006217227e-7","1.2277380399898834e-7","0.00656140638822535","0.0550087199939044","0.04844731360567905","1242","실험 추정; 미래 우월성 미확인"
"decade_occupancy","번호 구간별 개수","0,3,3,0,0","0 · 3 · 3 · 0 · 0","true","14400","1","522","0.0019157088122605363","0.0017679427775854322","0.9228661298995956","1.0835807790549168","0.0003382497261719287","0.010770533582384188","0.01043228385621226","0","156","0.0008839713887927161","6.138690199949417e-8","1.2277380399898834e-7","0","0.024032931437414938","0.02403293143741494","1242","실험 추정; 미래 우월성 미확인"
"decade_occupancy","번호 구간별 개수","0,4,0,0,2","0 · 4 · 0 · 0 · 2","true","2100","1","522","0.0019157088122605363","0.0002578249883978755","0.13458464394369102","7.4302681992337165","0.0003382497261719287","0.010770533582384188","0.01043228385621226","0","156","0.00012891249419893776","6.138690199949417e-8","1.2277380399898834e-7","0","0.024032931437414938","0.02403293143741494","1242","실험 추정; 미래 우월성 미확인"
"decade_occupancy","번호 구간별 개수","0,4,0,1,1","0 · 4 · 0 · 1 · 1","true","10500","2","522","0.0038314176245210726","0.0012891249419893776","0.672923219718455","2.9721072796934864","0.0010513424945747156","0.013860868570486955","0.012809526075912238","1","156","0.0038496906761228936","3.6663720724979937e-7","1.2277380399898834e-7","0.0011324653171247909","0.035412864435195084","0.03428039911807029","1242","실험 추정; 미래 우월성 미확인"
"decade_occupancy","번호 구간별 개수","0,4,0,2,0","0 · 4 · 0 · 2 · 0","true","9450","0","522","0","0.0011602124477904398","0.6056308977466096","0","0","0.007305355552050563","0.007305355552050563","0","156","0.0005801062238952199","6.138690199949417e-8","1.2277380399898834e-7","0","0.024032931437414938","0.02403293143741494","1242","실험 추정; 미래 우월성 미확인"
"decade_occupancy","번호 구간별 개수","0,4,1,0,1","0 · 4 · 1 · 0 · 1","true","10500","0","522","0","0.0012891249419893776","0.672923219718455","0","0","0.007305355552050563","0.007305355552050563","0","156","0.0006445624709946888","6.138690199949417e-8","1.2277380399898834e-7","0","0.024032931437414938","0.02403293143741494","1242","실험 추정; 미래 우월성 미확인"
"decade_occupancy","번호 구간별 개수","0,4,1,1,0","0 · 4 · 1 · 1 · 0","true","21000","2","522","0.0038314176245210726","0.002578249883978755","1.34584643943691","1.4860536398467432","0.0010513424945747156","0.013860868570486955","0.012809526075912238","1","156","0.004494253147117582","2.1401205462464676e-7","1.2277380399898834e-7","0.0011324653171247909","0.035412864435195084","0.03428039911807029","1242","실험 추정; 미래 우월성 미확인"
"decade_occupancy","번호 구간별 개수","0,4,2,0,0","0 · 4 · 2 · 0 · 0","true","9450","1","522","0.0019157088122605363","0.0011602124477904398","0.6056308977466096","1.6511707109408258","0.0003382497261719287","0.010770533582384188","0.01043228385621226","0","156","0.0005801062238952199","6.138690199949417e-8","1.2277380399898834e-7","0","0.024032931437414938","0.02403293143741494","1242","실험 추정; 미래 우월성 미확인"
"decade_occupancy","번호 구간별 개수","0,5,0,0,1","0 · 5 · 0 · 0 · 1","true","1260","1","522","0.0019157088122605363","0.0001546949930387253","0.08075078636621462","12.383780332056194","0.0003382497261719287","0.010770533582384188","0.01043228385621226","1","156","0.0032824757016475673","0.0000026051394457520375","1.2277380399898834e-7","0.0011324653171247909","0.035412864435195084","0.03428039911807029","1242","실험 추정; 미래 우월성 미확인"
"decade_occupancy","번호 구간별 개수","0,5,0,1,0","0 · 5 · 0 · 1 · 0","true","2520","0","522","0","0.0003093899860774506","0.16150157273242924","0","0","0.007305355552050563","0.007305355552050563","0","156","0.0001546949930387253","6.138690199949417e-8","1.2277380399898834e-7","0","0.024032931437414938","0.02403293143741494","1242","실험 추정; 미래 우월성 미확인"
"decade_occupancy","번호 구간별 개수","0,5,1,0,0","0 · 5 · 1 · 0 · 0","true","2520","0","522","0","0.0003093899860774506","0.16150157273242924","0","0","0.007305355552050563","0.007305355552050563","0","156","0.0001546949930387253","6.138690199949417e-8","1.2277380399898834e-7","0","0.024032931437414938","0.02403293143741494","1242","실험 추정; 미래 우월성 미확인"
"decade_occupancy","번호 구간별 개수","0,6,0,0,0","0 · 6 · 0 · 0 · 0","true","210","0","522","0","0.000025782498839787553","0.013458464394369103","0","0","0.007305355552050563","0.007305355552050563","0","156","0.000012891249419893777","6.138690199949417e-8","1.2277380399898834e-7","0","0.024032931437414938","0.02403293143741494","1242","실험 추정; 미래 우월성 미확인"
"decade_occupancy","번호 구간별 개수","1,0,0,0,5","1 · 0 · 0 · 0 · 5","true","10","0","522","0","0.0000012277380399898835","0.0006408792568747192","0","0","0.007305355552050563","0.007305355552050563","0","156","6.138690199949418e-7","6.138690199949417e-8","1.2277380399898834e-7","0","0.024032931437414938","0.02403293143741494","1242","실험 추정; 미래 우월성 미확인"
"decade_occupancy","번호 구간별 개수","1,0,0,1,4","1 · 0 · 0 · 1 · 4","true","500","0","522","0","0.00006138690199949418","0.03204396284373596","0","0","0.007305355552050563","0.007305355552050563","0","156","0.00003069345099974709","6.138690199949418e-8","1.2277380399898834e-7","0","0.024032931437414938","0.02403293143741494","1242","실험 추정; 미래 우월성 미확인"
"decade_occupancy","번호 구간별 개수","1,0,0,2,3","1 · 0 · 0 · 2 · 3","true","4500","0","522","0","0.0005524821179954476","0.2883956655936236","0","0","0.007305355552050563","0.007305355552050563","0","156","0.0002762410589977238","6.138690199949417e-8","1.2277380399898834e-7","0","0.024032931437414938","0.02403293143741494","1242","실험 추정; 미래 우월성 미확인"
"decade_occupancy","번호 구간별 개수","1,0,0,3,2","1 · 0 · 0 · 3 · 2","true","12000","2","522","0.0038314176245210726","0.0014732856479878602","0.769055108249663","2.6005938697318007","0.0010513424945747156","0.013860868570486955","0.012809526075912238","0","156","0.0007366428239939301","6.138690199949417e-8","1.2277380399898834e-7","0","0.024032931437414938","0.02403293143741494","1242","실험 추정; 미래 우월성 미확인"
"decade_occupancy","번호 구간별 개수","1,0,0,4,1","1 · 0 · 0 · 4 · 1","true","10500","0","522","0","0.0012891249419893776","0.672923219718455","0","0","0.007305355552050563","0.007305355552050563","0","156","0.0006445624709946888","6.138690199949417e-8","1.2277380399898834e-7","0","0.024032931437414938","0.02403293143741494","1242","실험 추정; 미래 우월성 미확인"
"decade_occupancy","번호 구간별 개수","1,0,0,5,0","1 · 0 · 0 · 5 · 0","true","2520","0","522","0","0.0003093899860774506","0.16150157273242924","0","0","0.007305355552050563","0.007305355552050563","0","156","0.0001546949930387253","6.138690199949417e-8","1.2277380399898834e-7","0","0.024032931437414938","0.02403293143741494","1242","실험 추정; 미래 우월성 미확인"
"decade_occupancy","번호 구간별 개수","1,0,1,0,4","1 · 0 · 1 · 0 · 4","true","500","0","522","0","0.00006138690199949418","0.03204396284373596","0","0","0.007305355552050563","0.007305355552050563","0","156","0.00003069345099974709","6.138690199949418e-8","1.2277380399898834e-7","0","0.024032931437414938","0.02403293143741494","1242","실험 추정; 미래 우월성 미확인"
"decade_occupancy","번호 구간별 개수","1,0,1,1,3","1 · 0 · 1 · 1 · 3","true","10000","2","522","0.0038314176245210726","0.0012277380399898835","0.6408792568747191","3.1207126436781607","0.0010513424945747156","0.013860868570486955","0.012809526075912238","0","156","0.0006138690199949418","6.138690199949417e-8","1.2277380399898834e-7","0","0.024032931437414938","0.02403293143741494","1242","실험 추정; 미래 우월성 미확인"
"decade_occupancy","번호 구간별 개수","1,0,1,2,2","1 · 0 · 1 · 2 · 2","true","45000","1","522","0.0019157088122605363","0.005524821179954476","2.8839566559362364","0.3467458492975734","0.0003382497261719287","0.010770533582384188","0.01043228385621226","1","156","0.005967538795105443","1.326119732245654e-7","1.2277380399898834e-7","0.0011324653171247909","0.035412864435195084","0.03428039911807029","1242","실험 추정; 미래 우월성 미확인"
"decade_occupancy","번호 구간별 개수","1,0,1,3,1","1 · 0 · 1 · 3 · 1","true","60000","6","522","0.011494252873563218","0.007366428239939301","3.845275541248315","1.5603563218390804","0.005278273303937627","0.024847648787146258","0.01956937548320863","1","156","0.006888342325097855","1.1480570541829759e-7","1.2277380399898834e-7","0.0011324653171247909","0.035412864435195084","0.03428039911807029","1242","실험 추정; 미래 우월성 미확인"
"decade_occupancy","번호 구간별 개수","1,0,1,4,0","1 · 0 · 1 · 4 · 0","true","21000","1","522","0.0019157088122605363","0.002578249883978755","1.34584643943691","0.7430268199233716","0.0003382497261719287","0.010770533582384188","0.01043228385621226","1","156","0.004494253147117582","2.1401205462464676e-7","1.2277380399898834e-7","0.0011324653171247909","0.035412864435195084","0.03428039911807029","1242","실험 추정; 미래 우월성 미확인"
"decade_occupancy","번호 구간별 개수","1,0,2,0,3","1 · 0 · 2 · 0 · 3","true","4500","0","522","0","0.0005524821179954476","0.2883956655936236","0","0","0.007305355552050563","0.007305355552050563","0","156","0.0002762410589977238","6.138690199949417e-8","1.2277380399898834e-7","0","0.024032931437414938","0.02403293143741494","1242","실험 추정; 미래 우월성 미확인"
"decade_occupancy","번호 구간별 개수","1,0,2,1,2","1 · 0 · 2 · 1 · 2","true","45000","4","522","0.007662835249042145","0.005524821179954476","2.8839566559362364","1.3869833971902936","0.0029838454428542643","0.01953522113521851","0.016551375692364246","0","156","0.002762410589977238","6.138690199949417e-8","1.2277380399898834e-7","0","0.024032931437414938","0.02403293143741494","1242","실험 추정; 미래 우월성 미확인"
"decade_occupancy","번호 구간별 개수","1,0,2,2,1","1 · 0 · 2 · 2 · 1","true","101250","4","522","0.007662835249042145","0.01243084765489757","6.4889024758565315","0.6164370654179083","0.0029838454428542643","0.01953522113521851","0.016551375692364246","1","156","0.00942055203257699","9.304248921063694e-8","1.2277380399898834e-7","0.0011324653171247909","0.035412864435195084","0.03428039911807029","1242","실험 추정; 미래 우월성 미확인"
"decade_occupancy","번호 구간별 개수","1,0,2,3,0","1 · 0 · 2 · 3 · 0","true","54000","3","522","0.005747126436781609","0.00662978541594537","3.4607479871234834","0.8668646232439337","0.001956426716828272","0.016759212104738953","0.01480278538791068","0","156","0.003314892707972685","6.138690199949417e-8","1.2277380399898834e-7","0","0.024032931437414938","0.02403293143741494","1242","실험 추정; 미래 우월성 미확인"
"decade_occupancy","번호 구간별 개수","1,0,3,0,2","1 · 0 · 3 · 0 · 2","true","12000","0","522","0","0.0014732856479878602","0.769055108249663","0","0","0.007305355552050563","0.007305355552050563","0","156","0.0007366428239939301","6.138690199949417e-8","1.2277380399898834e-7","0","0.024032931437414938","0.02403293143741494","1242","실험 추정; 미래 우월성 미확인"
"decade_occupancy","번호 구간별 개수","1,0,3,1,1","1 · 0 · 3 · 1 · 1","true","60000","5","522","0.009578544061302681","0.007366428239939301","3.845275541248315","1.3002969348659004","0.00409812540244997","0.02222436893212836","0.018126243529678388","2","156","0.01009347053022606","1.6822450883710098e-7","1.2277380399898834e-7","0.0035229170716722553","0.04553481099555255","0.04201189392388029","1242","실험 추정; 미래 우월성 미확인"
"decade_occupancy","번호 구간별 개수","1,0,3,2,0","1 · 0 · 3 · 2 · 0","true","54000","3","522","0.005747126436781609","0.00662978541594537","3.4607479871234834","0.8668646232439337","0.001956426716828272","0.016759212104738953","0.01480278538791068","1","156","0.0065200209131008905","1.2074112802038686e-7","1.2277380399898834e-7","0.0011324653171247909","0.035412864435195084","0.03428039911807029","1242","실험 추정; 미래 우월성 미확인"
"decade_occupancy","번호 구간별 개수","1,0,4,0,1","1 · 0 · 4 · 0 · 1","true","10500","0","522","0","0.0012891249419893776","0.672923219718455","0","0","0.007305355552050563","0.007305355552050563","0","156","0.0006445624709946888","6.138690199949417e-8","1.2277380399898834e-7","0","0.024032931437414938","0.02403293143741494","1242","실험 추정; 미래 우월성 미확인"
"decade_occupancy","번호 구간별 개수","1,0,4,1,0","1 · 0 · 4 · 1 · 0","true","21000","0","522","0","0.002578249883978755","1.34584643943691","0","0","0.007305355552050563","0.007305355552050563","0","156","0.0012891249419893776","6.138690199949417e-8","1.2277380399898834e-7","0","0.024032931437414938","0.02403293143741494","1242","실험 추정; 미래 우월성 미확인"
"decade_occupancy","번호 구간별 개수","1,0,5,0,0","1 · 0 · 5 · 0 · 0","true","2520","0","522","0","0.0003093899860774506","0.16150157273242924","0","0","0.007305355552050563","0.007305355552050563","0","156","0.0001546949930387253","6.138690199949417e-8","1.2277380399898834e-7","0","0.024032931437414938","0.02403293143741494","1242","실험 추정; 미래 우월성 미확인"
"decade_occupancy","번호 구간별 개수","1,1,0,0,4","1 · 1 · 0 · 0 · 4","true","500","0","522","0","0.00006138690199949418","0.03204396284373596","0","0","0.007305355552050563","0.007305355552050563","0","156","0.00003069345099974709","6.138690199949418e-8","1.2277380399898834e-7","0","0.024032931437414938","0.02403293143741494","1242","실험 추정; 미래 우월성 미확인"
"decade_occupancy","번호 구간별 개수","1,1,0,1,3","1 · 1 · 0 · 1 · 3","true","10000","1","522","0.0019157088122605363","0.0012277380399898835","0.6408792568747191","1.5603563218390804","0.0003382497261719287","0.010770533582384188","0.01043228385621226","0","156","0.0006138690199949418","6.138690199949417e-8","1.2277380399898834e-7","0","0.024032931437414938","0.02403293143741494","1242","실험 추정; 미래 우월성 미확인"
"decade_occupancy","번호 구간별 개수","1,1,0,2,2","1 · 1 · 0 · 2 · 2","true","45000","5","522","0.009578544061302681","0.005524821179954476","2.8839566559362364","1.7337292464878669","0.00409812540244997","0.02222436893212836","0.018126243529678388","1","156","0.005967538795105443","1.326119732245654e-7","1.2277380399898834e-7","0.0011324653171247909","0.035412864435195084","0.03428039911807029","1242","실험 추정; 미래 우월성 미확인"
"decade_occupancy","번호 구간별 개수","1,1,0,3,1","1 · 1 · 0 · 3 · 1","true","60000","5","522","0.009578544061302681","0.007366428239939301","3.845275541248315","1.3002969348659004","0.00409812540244997","0.02222436893212836","0.018126243529678388","1","156","0.006888342325097855","1.1480570541829759e-7","1.2277380399898834e-7","0.0011324653171247909","0.035412864435195084","0.03428039911807029","1242","실험 추정; 미래 우월성 미확인"
"decade_occupancy","번호 구간별 개수","1,1,0,4,0","1 · 1 · 0 · 4 · 0","true","21000","1","522","0.0019157088122605363","0.002578249883978755","1.34584643943691","0.7430268199233716","0.0003382497261719287","0.010770533582384188","0.01043228385621226","1","156","0.004494253147117582","2.1401205462464676e-7","1.2277380399898834e-7","0.0011324653171247909","0.035412864435195084","0.03428039911807029","1242","실험 추정; 미래 우월성 미확인"
"decade_occupancy","번호 구간별 개수","1,1,1,0,3","1 · 1 · 1 · 0 · 3","true","10000","1","522","0.0019157088122605363","0.0012277380399898835","0.6408792568747191","1.5603563218390804","0.0003382497261719287","0.010770533582384188","0.01043228385621226","0","156","0.0006138690199949418","6.138690199949417e-8","1.2277380399898834e-7","0","0.024032931437414938","0.02403293143741494","1242","실험 추정; 미래 우월성 미확인"
"decade_occupancy","번호 구간별 개수","1,1,1,1,2","1 · 1 · 1 · 1 · 2","true","100000","4","522","0.007662835249042145","0.012277380399898834","6.408792568747192","0.6241425287356321","0.0029838454428542643","0.01953522113521851","0.016551375692364246","1","156","0.009343818405077623","9.343818405077622e-8","1.2277380399898834e-7","0.0011324653171247909","0.035412864435195084","0.03428039911807029","1242","실험 추정; 미래 우월성 미확인"
"decade_occupancy","번호 구간별 개수","1,1,1,2,1","1 · 1 · 1 · 2 · 1","true","225000","15","522","0.028735632183908046","0.027624105899772378","14.41978327968118","1.0402375478927204","0.017490150369332814","0.04686662153030105","0.029376471160968233","7","156","0.03624795038578362","1.6110200171459388e-7","1.2277380399898834e-7","0.0219033374935471","0.08971638214820239","0.06781304465465529","1242","실험 추정; 미래 우월성 미확인"
"decade_occupancy","번호 구간별 개수","1,1,1,3,0","1 · 1 · 1 · 3 · 0","true","120000","10","522","0.019157088122605363","0.014732856479878601","7.69055108249663","1.3002969348659004","0.010438398844250856","0.034901234272855235","0.02446283542860438","6","156","0.02659719747070853","2.2164331225590442e-7","1.2277380399898834e-7","0.0177444321590843","0.08136288916776027","0.06361845700867597","1242","실험 추정; 미래 우월성 미확인"
"decade_occupancy","번호 구간별 개수","1,1,2,0,2","1 · 1 · 2 · 0 · 2","true","45000","1","522","0.0019157088122605363","0.005524821179954476","2.8839566559362364","0.3467458492975734","0.0003382497261719287","0.010770533582384188","0.01043228385621226","1","156","0.005967538795105443","1.326119732245654e-7","1.2277380399898834e-7","0.0011324653171247909","0.035412864435195084","0.03428039911807029","1242","실험 추정; 미래 우월성 미확인"
"decade_occupancy","번호 구간별 개수","1,1,2,1,1","1 · 1 · 2 · 1 · 1","true","225000","11","522","0.0210727969348659","0.027624105899772378","14.41978327968118","0.7628408684546616","0.011806681288622858","0.037336379584988796","0.025529698296365935","3","156","0.023427437565270805","1.041219447345369e-7","1.2277380399898834e-7","0.00656140638822535","0.0550087199939044","0.04844731360567905","1242","실험 추정; 미래 우월성 미확인"
"decade_occupancy","번호 구간별 개수","1,1,2,2,0","1 · 1 · 2 · 2 · 0","true","202500","9","522","0.017241379310344827","0.02486169530979514","12.977804951713063","0.6934916985951468","0.00909674645631465","0.032439458904285894","0.02334271244797124","4","156","0.025251360475410392","1.2469807642177972e-7","1.2277380399898834e-7","0.010015466073008981","0.0640670586240257","0.054051592551016714","1242","실험 추정; 미래 우월성 미확인"
"decade_occupancy","번호 구간별 개수","1,1,3,0,1","1 · 1 · 3 · 0 · 1","true","60000","1","522","0.0019157088122605363","0.007366428239939301","3.845275541248315","0.26005938697318004","0.0003382497261719287","0.010770533582384188","0.01043228385621226","0","156","0.0036832141199696503","6.138690199949417e-8","1.2277380399898834e-7","0","0.024032931437414938","0.02403293143741494","1242","실험 추정; 미래 우월성 미확인"
"decade_occupancy","번호 구간별 개수","1,1,3,1,0","1 · 1 · 3 · 1 · 0","true","120000","4","522","0.007662835249042145","0.014732856479878601","7.69055108249663","0.5201187739463601","0.0029838454428542643","0.01953522113521851","0.016551375692364246","3","156","0.016981812855323915","1.415151071276993e-7","1.2277380399898834e-7","0.00656140638822535","0.0550087199939044","0.04844731360567905","1242","실험 추정; 미래 우월성 미확인"
"decade_occupancy","번호 구간별 개수","1,1,4,0,0","1 · 1 · 4 · 0 · 0","true","21000","1","522","0.0019157088122605363","0.002578249883978755","1.34584643943691","0.7430268199233716","0.0003382497261719287","0.010770533582384188","0.01043228385621226","1","156","0.004494253147117582","2.1401205462464676e-7","1.2277380399898834e-7","0.0011324653171247909","0.035412864435195084","0.03428039911807029","1242","실험 추정; 미래 우월성 미확인"
"decade_occupancy","번호 구간별 개수","1,2,0,0,3","1 · 2 · 0 · 0 · 3","true","4500","0","522","0","0.0005524821179954476","0.2883956655936236","0","0","0.007305355552050563","0.007305355552050563","0","156","0.0002762410589977238","6.138690199949417e-8","1.2277380399898834e-7","0","0.024032931437414938","0.02403293143741494","1242","실험 추정; 미래 우월성 미확인"
"decade_occupancy","번호 구간별 개수","1,2,0,1,2","1 · 2 · 0 · 1 · 2","true","45000","2","522","0.0038314176245210726","0.005524821179954476","2.8839566559362364","0.6934916985951468","0.0010513424945747156","0.013860868570486955","0.012809526075912238","1","156","0.005967538795105443","1.326119732245654e-7","1.2277380399898834e-7","0.0011324653171247909","0.035412864435195084","0.03428039911807029","1242","실험 추정; 미래 우월성 미확인"
"decade_occupancy","번호 구간별 개수","1,2,0,2,1","1 · 2 · 0 · 2 · 1","true","101250","7","522","0.013409961685823755","0.01243084765489757","6.4889024758565315","1.0787648644813395","0.006510641082418169","0.027418708765171267","0.020908067682753096","4","156","0.019035936647961604","1.8800925084406521e-7","1.2277380399898834e-7","0.010015466073008981","0.0640670586240257","0.054051592551016714","1242","실험 추정; 미래 우월성 미확인"
"decade_occupancy","번호 구간별 개수","1,2,0,3,0","1 · 2 · 0 · 3 · 0","true","54000","4","522","0.007662835249042145","0.00662978541594537","3.4607479871234834","1.155819497658578","0.0029838454428542643","0.01953522113521851","0.016551375692364246","2","156","0.009725149118229096","1.8009535404127955e-7","1.2277380399898834e-7","0.0035229170716722553","0.04553481099555255","0.04201189392388029","1242","실험 추정; 미래 우월성 미확인"
"decade_occupancy","번호 구간별 개수","1,2,1,0,2","1 · 2 · 1 · 0 · 2","true","45000","0","522","0","0.005524821179954476","2.8839566559362364","0","0","0.007305355552050563","0.007305355552050563","0","156","0.002762410589977238","6.138690199949417e-8","1.2277380399898834e-7","0","0.024032931437414938","0.02403293143741494","1242","실험 추정; 미래 우월성 미확인"
"decade_occupancy","번호 구간별 개수","1,2,1,1,1","1 · 2 · 1 · 1 · 1","true","225000","20","522","0.038314176245210725","0.027624105899772378","14.41978327968118","1.3869833971902936","0.02493732156530935","0.058436589116852275","0.03349926755154293","5","156","0.029837693975527213","1.3261197322456538e-7","1.2277380399898834e-7","0.013766559825891925","0.07282836318604768","0.059061803360155755","1242","실험 추정; 미래 우월성 미확인"
"decade_occupancy","번호 구간별 개수","1,2,1,2,0","1 · 2 · 1 · 2 · 0","true","202500","15","522","0.028735632183908046","0.02486169530979514","12.977804951713063","1.155819497658578","0.017490150369332814","0.04686662153030105","0.029376471160968233","4","156","0.025251360475410392","1.2469807642177972e-7","1.2277380399898834e-7","0.010015466073008981","0.0640670586240257","0.054051592551016714","1242","실험 추정; 미래 우월성 미확인"
"decade_occupancy","번호 구간별 개수","1,2,2,0,1","1 · 2 · 2 · 0 · 1","true","101250","8","522","0.01532567049808429","0.01243084765489757","6.4889024758565315","1.2328741308358167","0.007785761374318736","0.029947016229776247","0.022161254855457512","1","156","0.00942055203257699","9.304248921063694e-8","1.2277380399898834e-7","0.0011324653171247909","0.035412864435195084","0.03428039911807029","1242","실험 추정; 미래 우월성 미확인"
"decade_occupancy","번호 구간별 개수","1,2,2,1,0","1 · 2 · 2 · 1 · 0","true","202500","13","522","0.02490421455938697","0.02486169530979514","12.977804951713063","1.0017102313041009","0.014610900776882721","0.04213901560974003","0.02752811483285731","5","156","0.028456488680538596","1.405258700273511e-7","1.2277380399898834e-7","0.013766559825891925","0.07282836318604768","0.059061803360155755","1242","실험 추정; 미래 우월성 미확인"
"decade_occupancy","번호 구간별 개수","1,2,3,0,0","1 · 2 · 3 · 0 · 0","true","54000","2","522","0.0038314176245210726","0.00662978541594537","3.4607479871234834","0.577909748829289","0.0010513424945747156","0.013860868570486955","0.012809526075912238","0","156","0.003314892707972685","6.138690199949417e-8","1.2277380399898834e-7","0","0.024032931437414938","0.02403293143741494","1242","실험 추정; 미래 우월성 미확인"
"decade_occupancy","번호 구간별 개수","1,3,0,0,2","1 · 3 · 0 · 0 · 2","true","12000","2","522","0.0038314176245210726","0.0014732856479878602","0.769055108249663","2.6005938697318007","0.0010513424945747156","0.013860868570486955","0.012809526075912238","0","156","0.0007366428239939301","6.138690199949417e-8","1.2277380399898834e-7","0","0.024032931437414938","0.02403293143741494","1242","실험 추정; 미래 우월성 미확인"
"decade_occupancy","번호 구간별 개수","1,3,0,1,1","1 · 3 · 0 · 1 · 1","true","60000","4","522","0.007662835249042145","0.007366428239939301","3.845275541248315","1.0402375478927202","0.0029838454428542643","0.01953522113521851","0.016551375692364246","2","156","0.01009347053022606","1.6822450883710098e-7","1.2277380399898834e-7","0.0035229170716722553","0.04553481099555255","0.04201189392388029","1242","실험 추정; 미래 우월성 미확인"
"decade_occupancy","번호 구간별 개수","1,3,0,2,0","1 · 3 · 0 · 2 · 0","true","54000","6","522","0.011494252873563218","0.00662978541594537","3.4607479871234834","1.7337292464878673","0.005278273303937627","0.024847648787146258","0.01956937548320863","3","156","0.012930277323357301","2.3944958006217227e-7","1.2277380399898834e-7","0.00656140638822535","0.0550087199939044","0.04844731360567905","1242","실험 추정; 미래 우월성 미확인"
"decade_occupancy","번호 구간별 개수","1,3,1,0,1","1 · 3 · 1 · 0 · 1","true","60000","4","522","0.007662835249042145","0.007366428239939301","3.845275541248315","1.0402375478927202","0.0029838454428542643","0.01953522113521851","0.016551375692364246","1","156","0.006888342325097855","1.1480570541829759e-7","1.2277380399898834e-7","0.0011324653171247909","0.035412864435195084","0.03428039911807029","1242","실험 추정; 미래 우월성 미확인"
"decade_occupancy","번호 구간별 개수","1,3,1,1,0","1 · 3 · 1 · 1 · 0","true","120000","4","522","0.007662835249042145","0.014732856479878601","7.69055108249663","0.5201187739463601","0.0029838454428542643","0.01953522113521851","0.016551375692364246","0","156","0.007366428239939301","6.138690199949417e-8","1.2277380399898834e-7","0","0.024032931437414938","0.02403293143741494","1242","실험 추정; 미래 우월성 미확인"
"decade_occupancy","번호 구간별 개수","1,3,2,0,0","1 · 3 · 2 · 0 · 0","true","54000","4","522","0.007662835249042145","0.00662978541594537","3.4607479871234834","1.155819497658578","0.0029838454428542643","0.01953522113521851","0.016551375692364246","0","156","0.003314892707972685","6.138690199949417e-8","1.2277380399898834e-7","0","0.024032931437414938","0.02403293143741494","1242","실험 추정; 미래 우월성 미확인"
"decade_occupancy","번호 구간별 개수","1,4,0,0,1","1 · 4 · 0 · 0 · 1","true","10500","0","522","0","0.0012891249419893776","0.672923219718455","0","0","0.007305355552050563","0.007305355552050563","0","156","0.0006445624709946888","6.138690199949417e-8","1.2277380399898834e-7","0","0.024032931437414938","0.02403293143741494","1242","실험 추정; 미래 우월성 미확인"
"decade_occupancy","번호 구간별 개수","1,4,0,1,0","1 · 4 · 0 · 1 · 0","true","21000","1","522","0.0019157088122605363","0.002578249883978755","1.34584643943691","0.7430268199233716","0.0003382497261719287","0.010770533582384188","0.01043228385621226","0","156","0.0012891249419893776","6.138690199949417e-8","1.2277380399898834e-7","0","0.024032931437414938","0.02403293143741494","1242","실험 추정; 미래 우월성 미확인"
"decade_occupancy","번호 구간별 개수","1,4,1,0,0","1 · 4 · 1 · 0 · 0","true","21000","1","522","0.0019157088122605363","0.002578249883978755","1.34584643943691","0.7430268199233716","0.0003382497261719287","0.010770533582384188","0.01043228385621226","0","156","0.0012891249419893776","6.138690199949417e-8","1.2277380399898834e-7","0","0.024032931437414938","0.02403293143741494","1242","실험 추정; 미래 우월성 미확인"
"decade_occupancy","번호 구간별 개수","1,5,0,0,0","1 · 5 · 0 · 0 · 0","true","2520","0","522","0","0.0003093899860774506","0.16150157273242924","0","0","0.007305355552050563","0.007305355552050563","0","156","0.0001546949930387253","6.138690199949417e-8","1.2277380399898834e-7","0","0.024032931437414938","0.02403293143741494","1242","실험 추정; 미래 우월성 미확인"
"decade_occupancy","번호 구간별 개수","2,0,0,0,4","2 · 0 · 0 · 0 · 4","true","225","0","522","0","0.00002762410589977238","0.014419783279681181","0","0","0.007305355552050563","0.007305355552050563","0","156","0.00001381205294988619","6.138690199949417e-8","1.2277380399898834e-7","0","0.024032931437414938","0.02403293143741494","1242","실험 추정; 미래 우월성 미확인"
"decade_occupancy","번호 구간별 개수","2,0,0,1,3","2 · 0 · 0 · 1 · 3","true","4500","0","522","0","0.0005524821179954476","0.2883956655936236","0","0","0.007305355552050563","0.007305355552050563","0","156","0.0002762410589977238","6.138690199949417e-8","1.2277380399898834e-7","0","0.024032931437414938","0.02403293143741494","1242","실험 추정; 미래 우월성 미확인"
"decade_occupancy","번호 구간별 개수","2,0,0,2,2","2 · 0 · 0 · 2 · 2","true","20250","1","522","0.0019157088122605363","0.002486169530979514","1.2977804951713063","0.7705463317723853","0.0003382497261719287","0.010770533582384188","0.01043228385621226","0","156","0.001243084765489757","6.138690199949417e-8","1.2277380399898834e-7","0","0.024032931437414938","0.02403293143741494","1242","실험 추정; 미래 우월성 미확인"
"decade_occupancy","번호 구간별 개수","2,0,0,3,1","2 · 0 · 0 · 3 · 1","true","27000","1","522","0.0019157088122605363","0.003314892707972685","1.7303739935617417","0.577909748829289","0.0003382497261719287","0.010770533582384188","0.01043228385621226","0","156","0.0016574463539863425","6.138690199949417e-8","1.2277380399898834e-7","0","0.024032931437414938","0.02403293143741494","1242","실험 추정; 미래 우월성 미확인"
"decade_occupancy","번호 구간별 개수","2,0,0,4,0","2 · 0 · 0 · 4 · 0","true","9450","0","522","0","0.0011602124477904398","0.6056308977466096","0","0","0.007305355552050563","0.007305355552050563","0","156","0.0005801062238952199","6.138690199949417e-8","1.2277380399898834e-7","0","0.024032931437414938","0.02403293143741494","1242","실험 추정; 미래 우월성 미확인"
"decade_occupancy","번호 구간별 개수","2,0,1,0,3","2 · 0 · 1 · 0 · 3","true","4500","0","522","0","0.0005524821179954476","0.2883956655936236","0","0","0.007305355552050563","0.007305355552050563","0","156","0.0002762410589977238","6.138690199949417e-8","1.2277380399898834e-7","0","0.024032931437414938","0.02403293143741494","1242","실험 추정; 미래 우월성 미확인"
"decade_occupancy","번호 구간별 개수","2,0,1,1,2","2 · 0 · 1 · 1 · 2","true","45000","3","522","0.005747126436781609","0.005524821179954476","2.8839566559362364","1.0402375478927202","0.001956426716828272","0.016759212104738953","0.01480278538791068","2","156","0.009172667000233649","2.0383704444963664e-7","1.2277380399898834e-7","0.0035229170716722553","0.04553481099555255","0.04201189392388029","1242","실험 추정; 미래 우월성 미확인"
"decade_occupancy","번호 구간별 개수","2,0,1,2,1","2 · 0 · 1 · 2 · 1","true","101250","4","522","0.007662835249042145","0.01243084765489757","6.4889024758565315","0.6164370654179083","0.0029838454428542643","0.01953522113521851","0.016551375692364246","0","156","0.006215423827448785","6.138690199949417e-8","1.2277380399898834e-7","0","0.024032931437414938","0.02403293143741494","1242","실험 추정; 미래 우월성 미확인"
"decade_occupancy","번호 구간별 개수","2,0,1,3,0","2 · 0 · 1 · 3 · 0","true","54000","3","522","0.005747126436781609","0.00662978541594537","3.4607479871234834","0.8668646232439337","0.001956426716828272","0.016759212104738953","0.01480278538791068","0","156","0.003314892707972685","6.138690199949417e-8","1.2277380399898834e-7","0","0.024032931437414938","0.02403293143741494","1242","실험 추정; 미래 우월성 미확인"
"decade_occupancy","번호 구간별 개수","2,0,2,0,2","2 · 0 · 2 · 0 · 2","true","20250","0","522","0","0.002486169530979514","1.2977804951713063","0","0","0.007305355552050563","0.007305355552050563","0","156","0.001243084765489757","6.138690199949417e-8","1.2277380399898834e-7","0","0.024032931437414938","0.02403293143741494","1242","실험 추정; 미래 우월성 미확인"
"decade_occupancy","번호 구간별 개수","2,0,2,1,1","2 · 0 · 2 · 1 · 1","true","101250","4","522","0.007662835249042145","0.01243084765489757","6.4889024758565315","0.6164370654179083","0.0029838454428542643","0.01953522113521851","0.016551375692364246","2","156","0.012625680237705196","1.2469807642177972e-7","1.2277380399898834e-7","0.0035229170716722553","0.04553481099555255","0.04201189392388029","1242","실험 추정; 미래 우월성 미확인"
"decade_occupancy","번호 구간별 개수","2,0,2,2,0","2 · 0 · 2 · 2 · 0","true","91125","10","522","0.019157088122605363","0.011187762889407813","5.840012228270878","1.7123251817164118","0.010438398844250856","0.034901234272855235","0.02446283542860438","6","156","0.024824650675473136","2.724241500737793e-7","1.2277380399898834e-7","0.0177444321590843","0.08136288916776027","0.06361845700867597","1242","실험 추정; 미래 우월성 미확인"
"decade_occupancy","번호 구간별 개수","2,0,3,0,1","2 · 0 · 3 · 0 · 1","true","27000","3","522","0.005747126436781609","0.003314892707972685","1.7303739935617417","1.7337292464878673","0.001956426716828272","0.016759212104738953","0.01480278538791068","0","156","0.0016574463539863425","6.138690199949417e-8","1.2277380399898834e-7","0","0.024032931437414938","0.02403293143741494","1242","실험 추정; 미래 우월성 미확인"
"decade_occupancy","번호 구간별 개수","2,0,3,1,0","2 · 0 · 3 · 1 · 0","true","54000","2","522","0.0038314176245210726","0.00662978541594537","3.4607479871234834","0.577909748829289","0.0010513424945747156","0.013860868570486955","0.012809526075912238","0","156","0.003314892707972685","6.138690199949417e-8","1.2277380399898834e-7","0","0.024032931437414938","0.02403293143741494","1242","실험 추정; 미래 우월성 미확인"
"decade_occupancy","번호 구간별 개수","2,0,4,0,0","2 · 0 · 4 · 0 · 0","true","9450","0","522","0","0.0011602124477904398","0.6056308977466096","0","0","0.007305355552050563","0.007305355552050563","0","156","0.0005801062238952199","6.138690199949417e-8","1.2277380399898834e-7","0","0.024032931437414938","0.02403293143741494","1242","실험 추정; 미래 우월성 미확인"
"decade_occupancy","번호 구간별 개수","2,1,0,0,3","2 · 1 · 0 · 0 · 3","true","4500","0","522","0","0.0005524821179954476","0.2883956655936236","0","0","0.007305355552050563","0.007305355552050563","0","156","0.0002762410589977238","6.138690199949417e-8","1.2277380399898834e-7","0","0.024032931437414938","0.02403293143741494","1242","실험 추정; 미래 우월성 미확인"
"decade_occupancy","번호 구간별 개수","2,1,0,1,2","2 · 1 · 0 · 1 · 2","true","45000","2","522","0.0038314176245210726","0.005524821179954476","2.8839566559362364","0.6934916985951468","0.0010513424945747156","0.013860868570486955","0.012809526075912238","0","156","0.002762410589977238","6.138690199949417e-8","1.2277380399898834e-7","0","0.024032931437414938","0.02403293143741494","1242","실험 추정; 미래 우월성 미확인"
"decade_occupancy","번호 구간별 개수","2,1,0,2,1","2 · 1 · 0 · 2 · 1","true","101250","5","522","0.009578544061302681","0.01243084765489757","6.4889024758565315","0.7705463317723853","0.00409812540244997","0.02222436893212836","0.018126243529678388","1","156","0.00942055203257699","9.304248921063694e-8","1.2277380399898834e-7","0.0011324653171247909","0.035412864435195084","0.03428039911807029","1242","실험 추정; 미래 우월성 미확인"
"decade_occupancy","번호 구간별 개수","2,1,0,3,0","2 · 1 · 0 · 3 · 0","true","54000","4","522","0.007662835249042145","0.00662978541594537","3.4607479871234834","1.155819497658578","0.0029838454428542643","0.01953522113521851","0.016551375692364246","0","156","0.003314892707972685","6.138690199949417e-8","1.2277380399898834e-7","0","0.024032931437414938","0.02403293143741494","1242","실험 추정; 미래 우월성 미확인"
"decade_occupancy","번호 구간별 개수","2,1,1,0,2","2 · 1 · 1 · 0 · 2","true","45000","7","522","0.013409961685823755","0.005524821179954476","2.8839566559362364","2.427220945083014","0.006510641082418169","0.027418708765171267","0.020908067682753096","2","156","0.009172667000233649","2.0383704444963664e-7","1.2277380399898834e-7","0.0035229170716722553","0.04553481099555255","0.04201189392388029","1242","실험 추정; 미래 우월성 미확인"
"decade_occupancy","번호 구간별 개수","2,1,1,1,1","2 · 1 · 1 · 1 · 1","true","225000","12","522","0.022988505747126436","0.027624105899772378","14.41978327968118","0.8321900383141763","0.013198383128231302","0.0397481055018859","0.026549722373654598","4","156","0.02663256577039901","1.1836695897955116e-7","1.2277380399898834e-7","0.010015466073008981","0.0640670586240257","0.054051592551016714","1242","실험 추정; 미래 우월성 미확인"
"decade_occupancy","번호 구간별 개수","2,1,1,2,0","2 · 1 · 1 · 2 · 0","true","202500","19","522","0.03639846743295019","0.02486169530979514","12.977804951713063","1.4640380303675322","0.02342383884470136","0.05614664408095472","0.03272280523625336","3","156","0.022046232270282184","1.0887028281620832e-7","1.2277380399898834e-7","0.00656140638822535","0.0550087199939044","0.04844731360567905","1242","실험 추정; 미래 우월성 미확인"
"decade_occupancy","번호 구간별 개수","2,1,2,0,1","2 · 1 · 2 · 0 · 1","true","101250","9","522","0.017241379310344827","0.01243084765489757","6.4889024758565315","1.3869833971902936","0.00909674645631465","0.032439458904285894","0.02334271244797124","2","156","0.012625680237705196","1.2469807642177972e-7","1.2277380399898834e-7","0.0035229170716722553","0.04553481099555255","0.04201189392388029","1242","실험 추정; 미래 우월성 미확인"
"decade_occupancy","번호 구간별 개수","2,1,2,1,0","2 · 1 · 2 · 1 · 0","true","202500","19","522","0.03639846743295019","0.02486169530979514","12.977804951713063","1.4640380303675322","0.02342383884470136","0.05614664408095472","0.03272280523625336","2","156","0.01884110406515398","9.304248921063694e-8","1.2277380399898834e-7","0.0035229170716722553","0.04553481099555255","0.04201189392388029","1242","실험 추정; 미래 우월성 미확인"
"decade_occupancy","번호 구간별 개수","2,1,3,0,0","2 · 1 · 3 · 0 · 0","true","54000","0","522","0","0.00662978541594537","3.4607479871234834","0","0","0.007305355552050563","0.007305355552050563","0","156","0.003314892707972685","6.138690199949417e-8","1.2277380399898834e-7","0","0.024032931437414938","0.02403293143741494","1242","실험 추정; 미래 우월성 미확인"
"decade_occupancy","번호 구간별 개수","2,2,0,0,2","2 · 2 · 0 · 0 · 2","true","20250","1","522","0.0019157088122605363","0.002486169530979514","1.2977804951713063","0.7705463317723853","0.0003382497261719287","0.010770533582384188","0.01043228385621226","0","156","0.001243084765489757","6.138690199949417e-8","1.2277380399898834e-7","0","0.024032931437414938","0.02403293143741494","1242","실험 추정; 미래 우월성 미확인"
"decade_occupancy","번호 구간별 개수","2,2,0,1,1","2 · 2 · 0 · 1 · 1","true","101250","9","522","0.017241379310344827","0.01243084765489757","6.4889024758565315","1.3869833971902936","0.00909674645631465","0.032439458904285894","0.02334271244797124","3","156","0.0158308084428334","1.5635366363292247e-7","1.2277380399898834e-7","0.00656140638822535","0.0550087199939044","0.04844731360567905","1242","실험 추정; 미래 우월성 미확인"
"decade_occupancy","번호 구간별 개수","2,2,0,2,0","2 · 2 · 0 · 2 · 0","true","91125","6","522","0.011494252873563218","0.011187762889407813","5.840012228270878","1.0273951090298472","0.005278273303937627","0.024847648787146258","0.01956937548320863","0","156","0.005593881444703907","6.138690199949417e-8","1.2277380399898834e-7","0","0.024032931437414938","0.02403293143741494","1242","실험 추정; 미래 우월성 미확인"
"decade_occupancy","번호 구간별 개수","2,2,1,0,1","2 · 2 · 1 · 0 · 1","true","101250","8","522","0.01532567049808429","0.01243084765489757","6.4889024758565315","1.2328741308358167","0.007785761374318736","0.029947016229776247","0.022161254855457512","1","156","0.00942055203257699","9.304248921063694e-8","1.2277380399898834e-7","0.0011324653171247909","0.035412864435195084","0.03428039911807029","1242","실험 추정; 미래 우월성 미확인"
"decade_occupancy","번호 구간별 개수","2,2,1,1,0","2 · 2 · 1 · 1 · 0","true","202500","15","522","0.028735632183908046","0.02486169530979514","12.977804951713063","1.155819497658578","0.017490150369332814","0.04686662153030105","0.029376471160968233","5","156","0.028456488680538596","1.405258700273511e-7","1.2277380399898834e-7","0.013766559825891925","0.07282836318604768","0.059061803360155755","1242","실험 추정; 미래 우월성 미확인"
"decade_occupancy","번호 구간별 개수","2,2,2,0,0","2 · 2 · 2 · 0 · 0","true","91125","12","522","0.022988505747126436","0.011187762889407813","5.840012228270878","2.0547902180596944","0.013198383128231302","0.0397481055018859","0.026549722373654598","6","156","0.024824650675473136","2.724241500737793e-7","1.2277380399898834e-7","0.0177444321590843","0.08136288916776027","0.06361845700867597","1242","실험 추정; 미래 우월성 미확인"
"decade_occupancy","번호 구간별 개수","2,3,0,0,1","2 · 3 · 0 · 0 · 1","true","27000","5","522","0.009578544061302681","0.003314892707972685","1.7303739935617417","2.8895487441464454","0.00409812540244997","0.02222436893212836","0.018126243529678388","3","156","0.011272830969370958","4.175122581248503e-7","1.2277380399898834e-7","0.00656140638822535","0.0550087199939044","0.04844731360567905","1242","실험 추정; 미래 우월성 미확인"
"decade_occupancy","번호 구간별 개수","2,3,0,1,0","2 · 3 · 0 · 1 · 0","true","54000","1","522","0.0019157088122605363","0.00662978541594537","3.4607479871234834","0.2889548744146445","0.0003382497261719287","0.010770533582384188","0.01043228385621226","0","156","0.003314892707972685","6.138690199949417e-8","1.2277380399898834e-7","0","0.024032931437414938","0.02403293143741494","1242","실험 추정; 미래 우월성 미확인"
"decade_occupancy","번호 구간별 개수","2,3,1,0,0","2 · 3 · 1 · 0 · 0","true","54000","3","522","0.005747126436781609","0.00662978541594537","3.4607479871234834","0.8668646232439337","0.001956426716828272","0.016759212104738953","0.01480278538791068","1","156","0.0065200209131008905","1.2074112802038686e-7","1.2277380399898834e-7","0.0011324653171247909","0.035412864435195084","0.03428039911807029","1242","실험 추정; 미래 우월성 미확인"
"decade_occupancy","번호 구간별 개수","2,4,0,0,0","2 · 4 · 0 · 0 · 0","true","9450","1","522","0.0019157088122605363","0.0011602124477904398","0.6056308977466096","1.6511707109408258","0.0003382497261719287","0.010770533582384188","0.01043228385621226","0","156","0.0005801062238952199","6.138690199949417e-8","1.2277380399898834e-7","0","0.024032931437414938","0.02403293143741494","1242","실험 추정; 미래 우월성 미확인"
"decade_occupancy","번호 구간별 개수","3,0,0,0,3","3 · 0 · 0 · 0 · 3","true","1200","0","522","0","0.000147328564798786","0.0769055108249663","0","0","0.007305355552050563","0.007305355552050563","0","156","0.000073664282399393","6.138690199949417e-8","1.2277380399898834e-7","0","0.024032931437414938","0.02403293143741494","1242","실험 추정; 미래 우월성 미확인"
"decade_occupancy","번호 구간별 개수","3,0,0,1,2","3 · 0 · 0 · 1 · 2","true","12000","0","522","0","0.0014732856479878602","0.769055108249663","0","0","0.007305355552050563","0.007305355552050563","0","156","0.0007366428239939301","6.138690199949417e-8","1.2277380399898834e-7","0","0.024032931437414938","0.02403293143741494","1242","실험 추정; 미래 우월성 미확인"
"decade_occupancy","번호 구간별 개수","3,0,0,2,1","3 · 0 · 0 · 2 · 1","true","27000","0","522","0","0.003314892707972685","1.7303739935617417","0","0","0.007305355552050563","0.007305355552050563","0","156","0.0016574463539863425","6.138690199949417e-8","1.2277380399898834e-7","0","0.024032931437414938","0.02403293143741494","1242","실험 추정; 미래 우월성 미확인"
"decade_occupancy","번호 구간별 개수","3,0,0,3,0","3 · 0 · 0 · 3 · 0","true","14400","1","522","0.0019157088122605363","0.0017679427775854322","0.9228661298995956","1.0835807790549168","0.0003382497261719287","0.010770533582384188","0.01043228385621226","0","156","0.0008839713887927161","6.138690199949417e-8","1.2277380399898834e-7","0","0.024032931437414938","0.02403293143741494","1242","실험 추정; 미래 우월성 미확인"
"decade_occupancy","번호 구간별 개수","3,0,1,0,2","3 · 0 · 1 · 0 · 2","true","12000","2","522","0.0038314176245210726","0.0014732856479878602","0.769055108249663","2.6005938697318007","0.0010513424945747156","0.013860868570486955","0.012809526075912238","1","156","0.003941771029122135","3.284809190935113e-7","1.2277380399898834e-7","0.0011324653171247909","0.035412864435195084","0.03428039911807029","1242","실험 추정; 미래 우월성 미확인"
"decade_occupancy","번호 구간별 개수","3,0,1,1,1","3 · 0 · 1 · 1 · 1","true","60000","1","522","0.0019157088122605363","0.007366428239939301","3.845275541248315","0.26005938697318004","0.0003382497261719287","0.010770533582384188","0.01043228385621226","0","156","0.0036832141199696503","6.138690199949417e-8","1.2277380399898834e-7","0","0.024032931437414938","0.02403293143741494","1242","실험 추정; 미래 우월성 미확인"
"decade_occupancy","번호 구간별 개수","3,0,1,2,0","3 · 0 · 1 · 2 · 0","true","54000","2","522","0.0038314176245210726","0.00662978541594537","3.4607479871234834","0.577909748829289","0.0010513424945747156","0.013860868570486955","0.012809526075912238","1","156","0.0065200209131008905","1.2074112802038686e-7","1.2277380399898834e-7","0.0011324653171247909","0.035412864435195084","0.03428039911807029","1242","실험 추정; 미래 우월성 미확인"
"decade_occupancy","번호 구간별 개수","3,0,2,0,1","3 · 0 · 2 · 0 · 1","true","27000","2","522","0.0038314176245210726","0.003314892707972685","1.7303739935617417","1.155819497658578","0.0010513424945747156","0.013860868570486955","0.012809526075912238","2","156","0.008067702764242754","2.9880380608306497e-7","1.2277380399898834e-7","0.0035229170716722553","0.04553481099555255","0.04201189392388029","1242","실험 추정; 미래 우월성 미확인"
"decade_occupancy","번호 구간별 개수","3,0,2,1,0","3 · 0 · 2 · 1 · 0","true","54000","1","522","0.0019157088122605363","0.00662978541594537","3.4607479871234834","0.2889548744146445","0.0003382497261719287","0.010770533582384188","0.01043228385621226","0","156","0.003314892707972685","6.138690199949417e-8","1.2277380399898834e-7","0","0.024032931437414938","0.02403293143741494","1242","실험 추정; 미래 우월성 미확인"
"decade_occupancy","번호 구간별 개수","3,0,3,0,0","3 · 0 · 3 · 0 · 0","true","14400","0","522","0","0.0017679427775854322","0.9228661298995956","0","0","0.007305355552050563","0.007305355552050563","0","156","0.0008839713887927161","6.138690199949417e-8","1.2277380399898834e-7","0","0.024032931437414938","0.02403293143741494","1242","실험 추정; 미래 우월성 미확인"
"decade_occupancy","번호 구간별 개수","3,1,0,0,2","3 · 1 · 0 · 0 · 2","true","12000","1","522","0.0019157088122605363","0.0014732856479878602","0.769055108249663","1.3002969348659004","0.0003382497261719287","0.010770533582384188","0.01043228385621226","0","156","0.0007366428239939301","6.138690199949417e-8","1.2277380399898834e-7","0","0.024032931437414938","0.02403293143741494","1242","실험 추정; 미래 우월성 미확인"
"decade_occupancy","번호 구간별 개수","3,1,0,1,1","3 · 1 · 0 · 1 · 1","true","60000","1","522","0.0019157088122605363","0.007366428239939301","3.845275541248315","0.26005938697318004","0.0003382497261719287","0.010770533582384188","0.01043228385621226","1","156","0.006888342325097855","1.1480570541829759e-7","1.2277380399898834e-7","0.0011324653171247909","0.035412864435195084","0.03428039911807029","1242","실험 추정; 미래 우월성 미확인"
"decade_occupancy","번호 구간별 개수","3,1,0,2,0","3 · 1 · 0 · 2 · 0","true","54000","4","522","0.007662835249042145","0.00662978541594537","3.4607479871234834","1.155819497658578","0.0029838454428542643","0.01953522113521851","0.016551375692364246","1","156","0.0065200209131008905","1.2074112802038686e-7","1.2277380399898834e-7","0.0011324653171247909","0.035412864435195084","0.03428039911807029","1242","실험 추정; 미래 우월성 미확인"
"decade_occupancy","번호 구간별 개수","3,1,1,0,1","3 · 1 · 1 · 0 · 1","true","60000","3","522","0.005747126436781609","0.007366428239939301","3.845275541248315","0.7801781609195402","0.001956426716828272","0.016759212104738953","0.01480278538791068","0","156","0.0036832141199696503","6.138690199949417e-8","1.2277380399898834e-7","0","0.024032931437414938","0.02403293143741494","1242","실험 추정; 미래 우월성 미확인"
"decade_occupancy","번호 구간별 개수","3,1,1,1,0","3 · 1 · 1 · 1 · 0","true","120000","7","522","0.013409961685823755","0.014732856479878601","7.69055108249663","0.9102078544061303","0.006510641082418169","0.027418708765171267","0.020908067682753096","3","156","0.016981812855323915","1.415151071276993e-7","1.2277380399898834e-7","0.00656140638822535","0.0550087199939044","0.04844731360567905","1242","실험 추정; 미래 우월성 미확인"
"decade_occupancy","번호 구간별 개수","3,1,2,0,0","3 · 1 · 2 · 0 · 0","true","54000","2","522","0.0038314176245210726","0.00662978541594537","3.4607479871234834","0.577909748829289","0.0010513424945747156","0.013860868570486955","0.012809526075912238","1","156","0.0065200209131008905","1.2074112802038686e-7","1.2277380399898834e-7","0.0011324653171247909","0.035412864435195084","0.03428039911807029","1242","실험 추정; 미래 우월성 미확인"
"decade_occupancy","번호 구간별 개수","3,2,0,0,1","3 · 2 · 0 · 0 · 1","true","27000","1","522","0.0019157088122605363","0.003314892707972685","1.7303739935617417","0.577909748829289","0.0003382497261719287","0.010770533582384188","0.01043228385621226","0","156","0.0016574463539863425","6.138690199949417e-8","1.2277380399898834e-7","0","0.024032931437414938","0.02403293143741494","1242","실험 추정; 미래 우월성 미확인"
"decade_occupancy","번호 구간별 개수","3,2,0,1,0","3 · 2 · 0 · 1 · 0","true","54000","2","522","0.0038314176245210726","0.00662978541594537","3.4607479871234834","0.577909748829289","0.0010513424945747156","0.013860868570486955","0.012809526075912238","1","156","0.0065200209131008905","1.2074112802038686e-7","1.2277380399898834e-7","0.0011324653171247909","0.035412864435195084","0.03428039911807029","1242","실험 추정; 미래 우월성 미확인"
"decade_occupancy","번호 구간별 개수","3,2,1,0,0","3 · 2 · 1 · 0 · 0","true","54000","2","522","0.0038314176245210726","0.00662978541594537","3.4607479871234834","0.577909748829289","0.0010513424945747156","0.013860868570486955","0.012809526075912238","1","156","0.0065200209131008905","1.2074112802038686e-7","1.2277380399898834e-7","0.0011324653171247909","0.035412864435195084","0.03428039911807029","1242","실험 추정; 미래 우월성 미확인"
"decade_occupancy","번호 구간별 개수","3,3,0,0,0","3 · 3 · 0 · 0 · 0","true","14400","3","522","0.005747126436781609","0.0017679427775854322","0.9228661298995956","3.2507423371647506","0.001956426716828272","0.016759212104738953","0.01480278538791068","1","156","0.004089099593920922","2.839652495778418e-7","1.2277380399898834e-7","0.0011324653171247909","0.035412864435195084","0.03428039911807029","1242","실험 추정; 미래 우월성 미확인"
"decade_occupancy","번호 구간별 개수","4,0,0,0,2","4 · 0 · 0 · 0 · 2","true","2100","0","522","0","0.0002578249883978755","0.13458464394369102","0","0","0.007305355552050563","0.007305355552050563","0","156","0.00012891249419893776","6.138690199949417e-8","1.2277380399898834e-7","0","0.024032931437414938","0.02403293143741494","1242","실험 추정; 미래 우월성 미확인"
"decade_occupancy","번호 구간별 개수","4,0,0,1,1","4 · 0 · 0 · 1 · 1","true","10500","1","522","0.0019157088122605363","0.0012891249419893776","0.672923219718455","1.4860536398467432","0.0003382497261719287","0.010770533582384188","0.01043228385621226","1","156","0.0038496906761228936","3.6663720724979937e-7","1.2277380399898834e-7","0.0011324653171247909","0.035412864435195084","0.03428039911807029","1242","실험 추정; 미래 우월성 미확인"
"decade_occupancy","번호 구간별 개수","4,0,0,2,0","4 · 0 · 0 · 2 · 0","true","9450","0","522","0","0.0011602124477904398","0.6056308977466096","0","0","0.007305355552050563","0.007305355552050563","0","156","0.0005801062238952199","6.138690199949417e-8","1.2277380399898834e-7","0","0.024032931437414938","0.02403293143741494","1242","실험 추정; 미래 우월성 미확인"
"decade_occupancy","번호 구간별 개수","4,0,1,0,1","4 · 0 · 1 · 0 · 1","true","10500","0","522","0","0.0012891249419893776","0.672923219718455","0","0","0.007305355552050563","0.007305355552050563","0","156","0.0006445624709946888","6.138690199949417e-8","1.2277380399898834e-7","0","0.024032931437414938","0.02403293143741494","1242","실험 추정; 미래 우월성 미확인"
"decade_occupancy","번호 구간별 개수","4,0,1,1,0","4 · 0 · 1 · 1 · 0","true","21000","0","522","0","0.002578249883978755","1.34584643943691","0","0","0.007305355552050563","0.007305355552050563","0","156","0.0012891249419893776","6.138690199949417e-8","1.2277380399898834e-7","0","0.024032931437414938","0.02403293143741494","1242","실험 추정; 미래 우월성 미확인"
"decade_occupancy","번호 구간별 개수","4,0,2,0,0","4 · 0 · 2 · 0 · 0","true","9450","0","522","0","0.0011602124477904398","0.6056308977466096","0","0","0.007305355552050563","0.007305355552050563","0","156","0.0005801062238952199","6.138690199949417e-8","1.2277380399898834e-7","0","0.024032931437414938","0.02403293143741494","1242","실험 추정; 미래 우월성 미확인"
"decade_occupancy","번호 구간별 개수","4,1,0,0,1","4 · 1 · 0 · 0 · 1","true","10500","0","522","0","0.0012891249419893776","0.672923219718455","0","0","0.007305355552050563","0.007305355552050563","0","156","0.0006445624709946888","6.138690199949417e-8","1.2277380399898834e-7","0","0.024032931437414938","0.02403293143741494","1242","실험 추정; 미래 우월성 미확인"
"decade_occupancy","번호 구간별 개수","4,1,0,1,0","4 · 1 · 0 · 1 · 0","true","21000","0","522","0","0.002578249883978755","1.34584643943691","0","0","0.007305355552050563","0.007305355552050563","0","156","0.0012891249419893776","6.138690199949417e-8","1.2277380399898834e-7","0","0.024032931437414938","0.02403293143741494","1242","실험 추정; 미래 우월성 미확인"
"decade_occupancy","번호 구간별 개수","4,1,1,0,0","4 · 1 · 1 · 0 · 0","true","21000","1","522","0.0019157088122605363","0.002578249883978755","1.34584643943691","0.7430268199233716","0.0003382497261719287","0.010770533582384188","0.01043228385621226","0","156","0.0012891249419893776","6.138690199949417e-8","1.2277380399898834e-7","0","0.024032931437414938","0.02403293143741494","1242","실험 추정; 미래 우월성 미확인"
"decade_occupancy","번호 구간별 개수","4,2,0,0,0","4 · 2 · 0 · 0 · 0","true","9450","0","522","0","0.0011602124477904398","0.6056308977466096","0","0","0.007305355552050563","0.007305355552050563","0","156","0.0005801062238952199","6.138690199949417e-8","1.2277380399898834e-7","0","0.024032931437414938","0.02403293143741494","1242","실험 추정; 미래 우월성 미확인"
"decade_occupancy","번호 구간별 개수","5,0,0,0,1","5 · 0 · 0 · 0 · 1","true","1260","0","522","0","0.0001546949930387253","0.08075078636621462","0","0","0.007305355552050563","0.007305355552050563","0","156","0.00007734749651936266","6.138690199949417e-8","1.2277380399898834e-7","0","0.024032931437414938","0.02403293143741494","1242","실험 추정; 미래 우월성 미확인"
"decade_occupancy","번호 구간별 개수","5,0,0,1,0","5 · 0 · 0 · 1 · 0","true","2520","0","522","0","0.0003093899860774506","0.16150157273242924","0","0","0.007305355552050563","0.007305355552050563","0","156","0.0001546949930387253","6.138690199949417e-8","1.2277380399898834e-7","0","0.024032931437414938","0.02403293143741494","1242","실험 추정; 미래 우월성 미확인"
"decade_occupancy","번호 구간별 개수","5,0,1,0,0","5 · 0 · 1 · 0 · 0","true","2520","0","522","0","0.0003093899860774506","0.16150157273242924","0","0","0.007305355552050563","0.007305355552050563","0","156","0.0001546949930387253","6.138690199949417e-8","1.2277380399898834e-7","0","0.024032931437414938","0.02403293143741494","1242","실험 추정; 미래 우월성 미확인"
"decade_occupancy","번호 구간별 개수","5,1,0,0,0","5 · 1 · 0 · 0 · 0","true","2520","0","522","0","0.0003093899860774506","0.16150157273242924","0","0","0.007305355552050563","0.007305355552050563","0","156","0.0001546949930387253","6.138690199949417e-8","1.2277380399898834e-7","0","0.024032931437414938","0.02403293143741494","1242","실험 추정; 미래 우월성 미확인"
"decade_occupancy","번호 구간별 개수","6,0,0,0,0","6 · 0 · 0 · 0 · 0","true","210","0","522","0","0.000025782498839787553","0.013458464394369103","0","0","0.007305355552050563","0.007305355552050563","0","156","0.000012891249419893777","6.138690199949417e-8","1.2277380399898834e-7","0","0.024032931437414938","0.02403293143741494","1242","실험 추정; 미래 우월성 미확인"
"span_bin","최댓값−최솟값","0-19","0~19","true","329460","27","522","0.05172413793103448","0.0404490574655067","21.114407996994498","1.2787476685987729","0.03578846110055254","0.07420944387714795","0.03842098277659542","11","156","0.05548093898916361","1.683996205583792e-7","1.2277380399898834e-7","0.03982640176459421","0.12184291113677503","0.08201650937218082","1242","실험 추정; 미래 우월성 미확인"
"span_bin","최댓값−최솟값","20-29","20~29","true","2045640","135","522","0.25862068965517243","0.2511510044124905","131.10082430332005","1.0297418091564297","0.2229166080722106","0.2978514946080898","0.07493488653587921","41","156","0.2569857586165017","1.2562609189129156e-7","1.2277380399898834e-7","0.20004601499719188","0.33699524735132547","0.13694923235413362","1242","실험 추정; 미래 우월성 미확인"
"span_bin","최댓값−최솟값","30-39","30~39","true","4342065","268","522","0.5134099616858238","0.5330918372608673","278.2739390501727","0.9630797656250507","0.4705915713029645","0.5560324229925744","0.0854408516896099","82","156","0.5293664314509464","1.219158237960386e-7","1.2277380399898834e-7","0.4476115428959003","0.6024380503637196","0.15482650746781923","1242","실험 추정; 미래 우월성 미확인"
"span_bin","최댓값−최솟값","40-44","40~44","true","1427895","92","522","0.17624521072796934","0.17530810086113546","91.51082864951272","1.005345502359735","0.14595754236030026","0.21126316679026116","0.06530562442996092","22","156","0.15816687094338824","1.1076925890446304e-7","1.2277380399898834e-7","0.09501114382823378","0.20429455053708973","0.10928340670885596","1242","실험 추정; 미래 우월성 미확인"
"joint_sum_odd_adjacent","합계 × 홀수 × 연속쌍","21-89|odd=0|adjacent=0","합계 21~89 / 홀수 0 / 연속쌍 0","true","2615","0","522","0","0.0003210534974573545","0.16758992567273906","0","0","0.007305355552050563","0.007305355552050563","0","156","0.00016052674872867726","6.138690199949417e-8","1.2277380399898834e-7","0","0.024032931437414938","0.02403293143741494","1242","실험 추정; 미래 우월성 미확인"
"joint_sum_odd_adjacent","합계 × 홀수 × 연속쌍","21-89|odd=0|adjacent=1","합계 21~89 / 홀수 0 / 연속쌍 1","false","0","0","522","0","0","0","","","","","0","156","0","","1.2277380399898834e-7","","","","1242","실험 추정; 미래 우월성 미확인"
"joint_sum_odd_adjacent","합계 × 홀수 × 연속쌍","21-89|odd=0|adjacent=2","합계 21~89 / 홀수 0 / 연속쌍 2","false","0","0","522","0","0","0","","","","","0","156","0","","1.2277380399898834e-7","","","","1242","실험 추정; 미래 우월성 미확인"
"joint_sum_odd_adjacent","합계 × 홀수 × 연속쌍","21-89|odd=0|adjacent=3","합계 21~89 / 홀수 0 / 연속쌍 3","false","0","0","522","0","0","0","","","","","0","156","0","","1.2277380399898834e-7","","","","1242","실험 추정; 미래 우월성 미확인"
"joint_sum_odd_adjacent","합계 × 홀수 × 연속쌍","21-89|odd=0|adjacent=4","합계 21~89 / 홀수 0 / 연속쌍 4","false","0","0","522","0","0","0","","","","","0","156","0","","1.2277380399898834e-7","","","","1242","실험 추정; 미래 우월성 미확인"
"joint_sum_odd_adjacent","합계 × 홀수 × 연속쌍","21-89|odd=0|adjacent=5","합계 21~89 / 홀수 0 / 연속쌍 5","false","0","0","522","0","0","0","","","","","0","156","0","","1.2277380399898834e-7","","","","1242","실험 추정; 미래 우월성 미확인"
"joint_sum_odd_adjacent","합계 × 홀수 × 연속쌍","21-89|odd=1|adjacent=0","합계 21~89 / 홀수 1 / 연속쌍 0","true","12384","0","522","0","0.0015204307887234716","0.7936648717136522","0","0","0.007305355552050563","0.007305355552050563","0","156","0.0007602153943617358","6.138690199949417e-8","1.2277380399898834e-7","0","0.024032931437414938","0.02403293143741494","1242","실험 추정; 미래 우월성 미확인"
"joint_sum_odd_adjacent","합계 × 홀수 × 연속쌍","21-89|odd=1|adjacent=1","합계 21~89 / 홀수 1 / 연속쌍 1","true","13798","2","522","0.0038314176245210726","0.0016940329475780413","0.8842851986357375","2.2617137582824762","0.0010513424945747156","0.013860868570486955","0.012809526075912238","1","156","0.004052144678917226","2.936762341583727e-7","1.2277380399898834e-7","0.0011324653171247909","0.035412864435195084","0.03428039911807029","1242","실험 추정; 미래 우월성 미확인"
"joint_sum_odd_adjacent","합계 × 홀수 × 연속쌍","21-89|odd=1|adjacent=2","합계 21~89 / 홀수 1 / 연속쌍 2","true","2873","0","522","0","0.0003527291388890935","0.1841246105001068","0","0","0.007305355552050563","0.007305355552050563","0","156","0.00017636456944454675","6.138690199949417e-8","1.2277380399898834e-7","0","0.024032931437414938","0.02403293143741494","1242","실험 추정; 미래 우월성 미확인"
"joint_sum_odd_adjacent","합계 × 홀수 × 연속쌍","21-89|odd=1|adjacent=3","합계 21~89 / 홀수 1 / 연속쌍 3","false","0","0","522","0","0","0","","","","","0","156","0","","1.2277380399898834e-7","","","","1242","실험 추정; 미래 우월성 미확인"
"joint_sum_odd_adjacent","합계 × 홀수 × 연속쌍","21-89|odd=1|adjacent=4","합계 21~89 / 홀수 1 / 연속쌍 4","false","0","0","522","0","0","0","","","","","0","156","0","","1.2277380399898834e-7","","","","1242","실험 추정; 미래 우월성 미확인"
"joint_sum_odd_adjacent","합계 × 홀수 × 연속쌍","21-89|odd=1|adjacent=5","합계 21~89 / 홀수 1 / 연속쌍 5","false","0","0","522","0","0","0","","","","","0","156","0","","1.2277380399898834e-7","","","","1242","실험 추정; 미래 우월성 미확인"
"joint_sum_odd_adjacent","합계 × 홀수 × 연속쌍","21-89|odd=2|adjacent=0","합계 21~89 / 홀수 2 / 연속쌍 0","true","23956","0","522","0","0.002941169248599765","1.5352903477690774","0","0","0.007305355552050563","0.007305355552050563","0","156","0.0014705846242998824","6.138690199949417e-8","1.2277380399898834e-7","0","0.024032931437414938","0.02403293143741494","1242","실험 추정; 미래 우월성 미확인"
"joint_sum_odd_adjacent","합계 × 홀수 × 연속쌍","21-89|odd=2|adjacent=1","합계 21~89 / 홀수 2 / 연속쌍 1","true","44799","1","522","0.0019157088122605363","0.005500143645350679","2.8710749828730546","0.3483015964282864","0.0003382497261719287","0.010770533582384188","0.01043228385621226","1","156","0.005955200027803545","1.32931539271045e-7","1.2277380399898834e-7","0.0011324653171247909","0.035412864435195084","0.03428039911807029","1242","실험 추정; 미래 우월성 미확인"
"joint_sum_odd_adjacent","합계 × 홀수 × 연속쌍","21-89|odd=2|adjacent=2","합계 21~89 / 홀수 2 / 연속쌍 2","true","21345","0","522","0","0.0026206068463584063","1.367956773799088","0","0","0.007305355552050563","0.007305355552050563","0","156","0.0013103034231792031","6.138690199949417e-8","1.2277380399898834e-7","0","0.024032931437414938","0.02403293143741494","1242","실험 추정; 미래 우월성 미확인"
"joint_sum_odd_adjacent","합계 × 홀수 × 연속쌍","21-89|odd=2|adjacent=3","합계 21~89 / 홀수 2 / 연속쌍 3","true","3315","0","522","0","0.00040699516025664633","0.21245147365396938","0","0","0.007305355552050563","0.007305355552050563","0","156","0.0002034975801283232","6.138690199949417e-8","1.2277380399898834e-7","0","0.024032931437414938","0.02403293143741494","1242","실험 추정; 미래 우월성 미확인"
"joint_sum_odd_adjacent","합계 × 홀수 × 연속쌍","21-89|odd=2|adjacent=4","합계 21~89 / 홀수 2 / 연속쌍 4","true","124","0","522","0","0.000015223951695874554","0.007946902785246518","0","0","0.007305355552050563","0.007305355552050563","0","156","0.000007611975847937277","6.138690199949417e-8","1.2277380399898834e-7","0","0.024032931437414938","0.02403293143741494","1242","실험 추정; 미래 우월성 미확인"
"joint_sum_odd_adjacent","합계 × 홀수 × 연속쌍","21-89|odd=2|adjacent=5","합계 21~89 / 홀수 2 / 연속쌍 5","false","0","0","522","0","0","0","","","","","0","156","0","","1.2277380399898834e-7","","","","1242","실험 추정; 미래 우월성 미확인"
"joint_sum_odd_adjacent","합계 × 홀수 × 연속쌍","21-89|odd=3|adjacent=0","합계 21~89 / 홀수 3 / 연속쌍 0","true","35351","3","522","0.005747126436781609","0.004340176745168237","2.26557226097782","1.3241687549198724","0.001956426716828272","0.016759212104738953","0.01480278538791068","0","156","0.0021700883725841186","6.138690199949418e-8","1.2277380399898834e-7","0","0.024032931437414938","0.02403293143741494","1242","실험 추정; 미래 우월성 미확인"
"joint_sum_odd_adjacent","합계 × 홀수 × 연속쌍","21-89|odd=3|adjacent=1","합계 21~89 / 홀수 3 / 연속쌍 1","true","72179","5","522","0.009578544061302681","0.00886169039884298","4.6258023881960355","1.08089355757151","0.00409812540244997","0.02222436893212836","0.018126243529678388","3","156","0.014046229814806105","1.946027212181674e-7","1.2277380399898834e-7","0.00656140638822535","0.0550087199939044","0.04844731360567905","1242","실험 추정; 미래 우월성 미확인"
"joint_sum_odd_adjacent","합계 × 홀수 × 연속쌍","21-89|odd=3|adjacent=2","합계 21~89 / 홀수 3 / 연속쌍 2","true","40111","3","522","0.005747126436781609","0.004924580052203422","2.5706307872501863","1.1670287366351477","0.001956426716828272","0.016759212104738953","0.01480278538791068","1","156","0.005667418231229916","1.4129336668818817e-7","1.2277380399898834e-7","0.0011324653171247909","0.035412864435195084","0.03428039911807029","1242","실험 추정; 미래 우월성 미확인"
"joint_sum_odd_adjacent","합계 × 홀수 × 연속쌍","21-89|odd=3|adjacent=3","합계 21~89 / 홀수 3 / 연속쌍 3","true","8061","0","522","0","0.0009896796340358451","0.5166127689667112","0","0","0.007305355552050563","0.007305355552050563","0","156","0.0004948398170179226","6.138690199949418e-8","1.2277380399898834e-7","0","0.024032931437414938","0.02403293143741494","1242","실험 추정; 미래 우월성 미확인"
"joint_sum_odd_adjacent","합계 × 홀수 × 연속쌍","21-89|odd=3|adjacent=4","합계 21~89 / 홀수 3 / 연속쌍 4","true","574","0","522","0","0.00007047216349541931","0.03678646934460888","0","0","0.007305355552050563","0.007305355552050563","0","156","0.000035236081747709655","6.138690199949417e-8","1.2277380399898834e-7","0","0.024032931437414938","0.02403293143741494","1242","실험 추정; 미래 우월성 미확인"
"joint_sum_odd_adjacent","합계 × 홀수 × 연속쌍","21-89|odd=3|adjacent=5","합계 21~89 / 홀수 3 / 연속쌍 5","true","12","0","522","0","0.00000147328564798786","0.000769055108249663","0","0","0.007305355552050563","0.007305355552050563","0","156","7.3664282399393e-7","6.138690199949417e-8","1.2277380399898834e-7","0","0.024032931437414938","0.02403293143741494","1242","실험 추정; 미래 우월성 미확인"
"joint_sum_odd_adjacent","합계 × 홀수 × 연속쌍","21-89|odd=4|adjacent=0","합계 21~89 / 홀수 4 / 연속쌍 0","true","28908","1","522","0.0019157088122605363","0.003549145126002755","1.8526537557734382","0.5397662660298466","0.0003382497261719287","0.010770533582384188","0.01043228385621226","0","156","0.0017745725630013776","6.138690199949417e-8","1.2277380399898834e-7","0","0.024032931437414938","0.02403293143741494","1242","실험 추정; 미래 우월성 미확인"
"joint_sum_odd_adjacent","합계 × 홀수 × 연속쌍","21-89|odd=4|adjacent=1","합계 21~89 / 홀수 4 / 연속쌍 1","true","51495","0","522","0","0.006322237036927905","3.300207733276366","0","0","0.007305355552050563","0.007305355552050563","0","156","0.0031611185184639524","6.138690199949417e-8","1.2277380399898834e-7","0","0.024032931437414938","0.02403293143741494","1242","실험 추정; 미래 우월성 미확인"
"joint_sum_odd_adjacent","합계 × 홀수 × 연속쌍","21-89|odd=4|adjacent=2","합계 21~89 / 홀수 4 / 연속쌍 2","true","24512","3","522","0.005747126436781609","0.003009431483623202","1.5709232344513115","1.9097050283604935","0.001956426716828272","0.016759212104738953","0.01480278538791068","1","156","0.004709843946939806","1.9214441689539027e-7","1.2277380399898834e-7","0.0011324653171247909","0.035412864435195084","0.03428039911807029","1242","실험 추정; 미래 우월성 미확인"
"joint_sum_odd_adjacent","합계 × 홀수 × 연속쌍","21-89|odd=4|adjacent=3","합계 21~89 / 홀수 4 / 연속쌍 3","true","3804","0","522","0","0.00046703155041215164","0.24379046931514314","0","0","0.007305355552050563","0.007305355552050563","0","156","0.00023351577520607582","6.138690199949417e-8","1.2277380399898834e-7","0","0.024032931437414938","0.02403293143741494","1242","실험 추정; 미래 우월성 미확인"
"joint_sum_odd_adjacent","합계 × 홀수 × 연속쌍","21-89|odd=4|adjacent=4","합계 21~89 / 홀수 4 / 연속쌍 4","true","146","0","522","0","0.0000179249753838523","0.0093568371503709","0","0","0.007305355552050563","0.007305355552050563","0","156","0.00000896248769192615","6.138690199949417e-8","1.2277380399898834e-7","0","0.024032931437414938","0.02403293143741494","1242","실험 추정; 미래 우월성 미확인"
"joint_sum_odd_adjacent","합계 × 홀수 × 연속쌍","21-89|odd=4|adjacent=5","합계 21~89 / 홀수 4 / 연속쌍 5","false","0","0","522","0","0","0","","","","","0","156","0","","1.2277380399898834e-7","","","","1242","실험 추정; 미래 우월성 미확인"
"joint_sum_odd_adjacent","합계 × 홀수 × 연속쌍","21-89|odd=5|adjacent=0","합계 21~89 / 홀수 5 / 연속쌍 0","true","17668","2","522","0.0038314176245210726","0.002169167569054126","1.1323054710462537","1.7663078128130862","0.0010513424945747156","0.013860868570486955","0.012809526075912238","1","156","0.004289711989655268","2.4279556201354244e-7","1.2277380399898834e-7","0.0011324653171247909","0.035412864435195084","0.03428039911807029","1242","실험 추정; 미래 우월성 미확인"
"joint_sum_odd_adjacent","합계 × 홀수 × 연속쌍","21-89|odd=5|adjacent=1","합계 21~89 / 홀수 5 / 연속쌍 1","true","18065","1","522","0.0019157088122605363","0.0022179087692417243","1.1577483775441801","0.8637455421196127","0.0003382497261719287","0.010770533582384188","0.01043228385621226","1","156","0.004314082589749067","2.3880888955156747e-7","1.2277380399898834e-7","0.0011324653171247909","0.035412864435195084","0.03428039911807029","1242","실험 추정; 미래 우월성 미확인"
"joint_sum_odd_adjacent","합계 × 홀수 × 연속쌍","21-89|odd=5|adjacent=2","합계 21~89 / 홀수 5 / 연속쌍 2","true","3934","1","522","0.0019157088122605363","0.0004829921449320201","0.2521218996545145","3.9663353376692436","0.0003382497261719287","0.010770533582384188","0.01043228385621226","0","156","0.00024149607246601006","6.138690199949417e-8","1.2277380399898834e-7","0","0.024032931437414938","0.02403293143741494","1242","실험 추정; 미래 우월성 미확인"
"joint_sum_odd_adjacent","합계 × 홀수 × 연속쌍","21-89|odd=5|adjacent=3","합계 21~89 / 홀수 5 / 연속쌍 3","false","0","0","522","0","0","0","","","","","0","156","0","","1.2277380399898834e-7","","","","1242","실험 추정; 미래 우월성 미확인"
"joint_sum_odd_adjacent","합계 × 홀수 × 연속쌍","21-89|odd=5|adjacent=4","합계 21~89 / 홀수 5 / 연속쌍 4","false","0","0","522","0","0","0","","","","","0","156","0","","1.2277380399898834e-7","","","","1242","실험 추정; 미래 우월성 미확인"
"joint_sum_odd_adjacent","합계 × 홀수 × 연속쌍","21-89|odd=5|adjacent=5","합계 21~89 / 홀수 5 / 연속쌍 5","false","0","0","522","0","0","0","","","","","0","156","0","","1.2277380399898834e-7","","","","1242","실험 추정; 미래 우월성 미확인"
"joint_sum_odd_adjacent","합계 × 홀수 × 연속쌍","21-89|odd=6|adjacent=0","합계 21~89 / 홀수 6 / 연속쌍 0","true","4366","0","522","0","0.0005360304282595831","0.2798078835515024","0","0","0.007305355552050563","0.007305355552050563","0","156","0.00026801521412979156","6.138690199949417e-8","1.2277380399898834e-7","0","0.024032931437414938","0.02403293143741494","1242","실험 추정; 미래 우월성 미확인"
"joint_sum_odd_adjacent","합계 × 홀수 × 연속쌍","21-89|odd=6|adjacent=1","합계 21~89 / 홀수 6 / 연속쌍 1","false","0","0","522","0","0","0","","","","","0","156","0","","1.2277380399898834e-7","","","","1242","실험 추정; 미래 우월성 미확인"
"joint_sum_odd_adjacent","합계 × 홀수 × 연속쌍","21-89|odd=6|adjacent=2","합계 21~89 / 홀수 6 / 연속쌍 2","false","0","0","522","0","0","0","","","","","0","156","0","","1.2277380399898834e-7","","","","1242","실험 추정; 미래 우월성 미확인"
"joint_sum_odd_adjacent","합계 × 홀수 × 연속쌍","21-89|odd=6|adjacent=3","합계 21~89 / 홀수 6 / 연속쌍 3","false","0","0","522","0","0","0","","","","","0","156","0","","1.2277380399898834e-7","","","","1242","실험 추정; 미래 우월성 미확인"
"joint_sum_odd_adjacent","합계 × 홀수 × 연속쌍","21-89|odd=6|adjacent=4","합계 21~89 / 홀수 6 / 연속쌍 4","false","0","0","522","0","0","0","","","","","0","156","0","","1.2277380399898834e-7","","","","1242","실험 추정; 미래 우월성 미확인"
"joint_sum_odd_adjacent","합계 × 홀수 × 연속쌍","21-89|odd=6|adjacent=5","합계 21~89 / 홀수 6 / 연속쌍 5","false","0","0","522","0","0","0","","","","","0","156","0","","1.2277380399898834e-7","","","","1242","실험 추정; 미래 우월성 미확인"
"joint_sum_odd_adjacent","합계 × 홀수 × 연속쌍","90-119|odd=0|adjacent=0","합계 90~119 / 홀수 0 / 연속쌍 0","true","15823","3","522","0.005747126436781609","0.0019426499006759926","1.0140632481528682","2.958395352030109","0.001956426716828272","0.016759212104738953","0.01480278538791068","0","156","0.0009713249503379962","6.138690199949417e-8","1.2277380399898834e-7","0","0.024032931437414938","0.02403293143741494","1242","실험 추정; 미래 우월성 미확인"
"joint_sum_odd_adjacent","합계 × 홀수 × 연속쌍","90-119|odd=0|adjacent=1","합계 90~119 / 홀수 0 / 연속쌍 1","false","0","0","522","0","0","0","","","","","0","156","0","","1.2277380399898834e-7","","","","1242","실험 추정; 미래 우월성 미확인"
"joint_sum_odd_adjacent","합계 × 홀수 × 연속쌍","90-119|odd=0|adjacent=2","합계 90~119 / 홀수 0 / 연속쌍 2","false","0","0","522","0","0","0","","","","","0","156","0","","1.2277380399898834e-7","","","","1242","실험 추정; 미래 우월성 미확인"
"joint_sum_odd_adjacent","합계 × 홀수 × 연속쌍","90-119|odd=0|adjacent=3","합계 90~119 / 홀수 0 / 연속쌍 3","false","0","0","522","0","0","0","","","","","0","156","0","","1.2277380399898834e-7","","","","1242","실험 추정; 미래 우월성 미확인"
"joint_sum_odd_adjacent","합계 × 홀수 × 연속쌍","90-119|odd=0|adjacent=4","합계 90~119 / 홀수 0 / 연속쌍 4","false","0","0","522","0","0","0","","","","","0","156","0","","1.2277380399898834e-7","","","","1242","실험 추정; 미래 우월성 미확인"
"joint_sum_odd_adjacent","합계 × 홀수 × 연속쌍","90-119|odd=0|adjacent=5","합계 90~119 / 홀수 0 / 연속쌍 5","false","0","0","522","0","0","0","","","","","0","156","0","","1.2277380399898834e-7","","","","1242","실험 추정; 미래 우월성 미확인"
"joint_sum_odd_adjacent","합계 × 홀수 × 연속쌍","90-119|odd=1|adjacent=0","합계 90~119 / 홀수 1 / 연속쌍 0","true","80028","2","522","0.0038314176245210726","0.009825341986431039","5.128828516917002","0.3899525970508023","0.0010513424945747156","0.013860868570486955","0.012809526075912238","0","156","0.0049126709932155194","6.138690199949417e-8","1.2277380399898834e-7","0","0.024032931437414938","0.02403293143741494","1242","실험 추정; 미래 우월성 미확인"
"joint_sum_odd_adjacent","합계 × 홀수 × 연속쌍","90-119|odd=1|adjacent=1","합계 90~119 / 홀수 1 / 연속쌍 1","true","49444","9","522","0.017241379310344827","0.00607042796492598","3.1687633976913614","2.840224677726665","0.00909674645631465","0.032439458904285894","0.02334271244797124","1","156","0.0062403421875911955","1.2621030231355058e-7","1.2277380399898834e-7","0.0011324653171247909","0.035412864435195084","0.03428039911807029","1242","실험 추정; 미래 우월성 미확인"
"joint_sum_odd_adjacent","합계 × 홀수 × 연속쌍","90-119|odd=1|adjacent=2","합계 90~119 / 홀수 1 / 연속쌍 2","true","5418","1","522","0.0019157088122605363","0.0006651884700665188","0.34722838137472284","2.879948914431673","0.0003382497261719287","0.010770533582384188","0.01043228385621226","0","156","0.0003325942350332594","6.138690199949417e-8","1.2277380399898834e-7","0","0.024032931437414938","0.02403293143741494","1242","실험 추정; 미래 우월성 미확인"
"joint_sum_odd_adjacent","합계 × 홀수 × 연속쌍","90-119|odd=1|adjacent=3","합계 90~119 / 홀수 1 / 연속쌍 3","false","0","0","522","0","0","0","","","","","0","156","0","","1.2277380399898834e-7","","","","1242","실험 추정; 미래 우월성 미확인"
"joint_sum_odd_adjacent","합계 × 홀수 × 연속쌍","90-119|odd=1|adjacent=4","합계 90~119 / 홀수 1 / 연속쌍 4","false","0","0","522","0","0","0","","","","","0","156","0","","1.2277380399898834e-7","","","","1242","실험 추정; 미래 우월성 미확인"
"joint_sum_odd_adjacent","합계 × 홀수 × 연속쌍","90-119|odd=1|adjacent=5","합계 90~119 / 홀수 1 / 연속쌍 5","false","0","0","522","0","0","0","","","","","0","156","0","","1.2277380399898834e-7","","","","1242","실험 추정; 미래 우월성 미확인"
"joint_sum_odd_adjacent","합계 × 홀수 × 연속쌍","90-119|odd=2|adjacent=0","합계 90~119 / 홀수 2 / 연속쌍 0","true","172532","12","522","0.022988505747126436","0.021182409951553457","11.057217994710905","1.0852639430406512","0.013198383128231302","0.0397481055018859","0.026549722373654598","3","156","0.020206589591161343","1.1711792358032911e-7","1.2277380399898834e-7","0.00656140638822535","0.0550087199939044","0.04844731360567905","1242","실험 추정; 미래 우월성 미확인"
"joint_sum_odd_adjacent","합계 × 홀수 × 연속쌍","90-119|odd=2|adjacent=1","합계 90~119 / 홀수 2 / 연속쌍 1","true","174606","9","522","0.017241379310344827","0.02143704282104736","11.190136352586721","0.8042797439121063","0.00909674645631465","0.032439458904285894","0.02334271244797124","4","156","0.0235390342310365","1.348122872698332e-7","1.2277380399898834e-7","0.010015466073008981","0.0640670586240257","0.054051592551016714","1242","실험 추정; 미래 우월성 미확인"
"joint_sum_odd_adjacent","합계 × 홀수 × 연속쌍","90-119|odd=2|adjacent=2","합계 90~119 / 홀수 2 / 연속쌍 2","true","48403","4","522","0.007662835249042145","0.005942620434963033","3.102047867050703","1.2894707533327112","0.0029838454428542643","0.01953522113521851","0.016551375692364246","0","156","0.0029713102174815163","6.138690199949417e-8","1.2277380399898834e-7","0","0.024032931437414938","0.02403293143741494","1242","실험 추정; 미래 우월성 미확인"
"joint_sum_odd_adjacent","합계 × 홀수 × 연속쌍","90-119|odd=2|adjacent=3","합계 90~119 / 홀수 2 / 연속쌍 3","true","4330","0","522","0","0.0005316105713156196","0.27750071822675343","0","0","0.007305355552050563","0.007305355552050563","0","156","0.0002658052856578098","6.138690199949417e-8","1.2277380399898834e-7","0","0.024032931437414938","0.02403293143741494","1242","실험 추정; 미래 우월성 미확인"
"joint_sum_odd_adjacent","합계 × 홀수 × 연속쌍","90-119|odd=2|adjacent=4","합계 90~119 / 홀수 2 / 연속쌍 4","true","93","0","522","0","0.000011417963771905916","0.005960177088934888","0","0","0.007305355552050563","0.007305355552050563","0","156","0.000005708981885952958","6.138690199949417e-8","1.2277380399898834e-7","0","0.024032931437414938","0.02403293143741494","1242","실험 추정; 미래 우월성 미확인"
"joint_sum_odd_adjacent","합계 × 홀수 × 연속쌍","90-119|odd=2|adjacent=5","합계 90~119 / 홀수 2 / 연속쌍 5","false","0","0","522","0","0","0","","","","","0","156","0","","1.2277380399898834e-7","","","","1242","실험 추정; 미래 우월성 미확인"
"joint_sum_odd_adjacent","합계 × 홀수 × 연속쌍","90-119|odd=3|adjacent=0","합계 90~119 / 홀수 3 / 연속쌍 0","true","240143","14","522","0.02681992337164751","0.029483269613729057","15.390266738366568","0.9096658451733812","0.016042087958373495","0.044511256184754815","0.028469168226381316","3","156","0.024357019422249142","1.0142714725080116e-7","1.2277380399898834e-7","0.00656140638822535","0.0550087199939044","0.04844731360567905","1242","실험 추정; 미래 우월성 미확인"
"joint_sum_odd_adjacent","합계 × 홀수 × 연속쌍","90-119|odd=3|adjacent=1","합계 90~119 / 홀수 3 / 연속쌍 1","true","269313","18","522","0.034482758620689655","0.03306458147637955","17.259711530670124","1.042891126425514","0.02192146221314024","0.05384559295601028","0.031924130742870045","3","156","0.026147675353574387","9.709028288116202e-8","1.2277380399898834e-7","0.00656140638822535","0.0550087199939044","0.04844731360567905","1242","실험 추정; 미래 우월성 미확인"
"joint_sum_odd_adjacent","합계 × 홀수 × 연속쌍","90-119|odd=3|adjacent=2","합계 90~119 / 홀수 3 / 연속쌍 2","true","88537","2","522","0.0038314176245210726","0.010870024284658431","5.674152676591701","0.3524755349377278","0.0010513424945747156","0.013860868570486955","0.012809526075912238","0","156","0.005435012142329216","6.138690199949417e-8","1.2277380399898834e-7","0","0.024032931437414938","0.02403293143741494","1242","실험 추정; 미래 우월성 미확인"
"joint_sum_odd_adjacent","합계 × 홀수 × 연속쌍","90-119|odd=3|adjacent=3","합계 90~119 / 홀수 3 / 연속쌍 3","true","10865","0","522","0","0.0013339373804490083","0.6963153125943824","0","0","0.007305355552050563","0.007305355552050563","0","156","0.0006669686902245042","6.138690199949417e-8","1.2277380399898834e-7","0","0.024032931437414938","0.02403293143741494","1242","실험 추정; 미래 우월성 미확인"
"joint_sum_odd_adjacent","합계 × 홀수 × 연속쌍","90-119|odd=3|adjacent=4","합계 90~119 / 홀수 3 / 연속쌍 4","true","476","0","522","0","0.00005844033070351845","0.030505852627236634","0","0","0.007305355552050563","0.007305355552050563","0","156","0.000029220165351759223","6.138690199949417e-8","1.2277380399898834e-7","0","0.024032931437414938","0.02403293143741494","1242","실험 추정; 미래 우월성 미확인"
"joint_sum_odd_adjacent","합계 × 홀수 × 연속쌍","90-119|odd=3|adjacent=5","합계 90~119 / 홀수 3 / 연속쌍 5","true","5","0","522","0","6.138690199949418e-7","0.0003204396284373596","0","0","0.007305355552050563","0.007305355552050563","0","156","3.069345099974709e-7","6.138690199949417e-8","1.2277380399898834e-7","0","0.024032931437414938","0.02403293143741494","1242","실험 추정; 미래 우월성 미확인"
"joint_sum_odd_adjacent","합계 × 홀수 × 연속쌍","90-119|odd=4|adjacent=0","합계 90~119 / 홀수 4 / 연속쌍 0","true","192258","15","522","0.028735632183908046","0.023604246009237502","12.321416416821975","1.2173925052578414","0.017490150369332814","0.04686662153030105","0.029376471160968233","5","156","0.02782776403025978","1.4474177423181234e-7","1.2277380399898834e-7","0.013766559825891925","0.07282836318604768","0.059061803360155755","1242","실험 추정; 미래 우월성 미확인"
"joint_sum_odd_adjacent","합계 × 홀수 × 연속쌍","90-119|odd=4|adjacent=1","합계 90~119 / 홀수 4 / 연속쌍 1","true","192481","15","522","0.028735632183908046","0.023631624567529274","12.33570802425028","1.2159820879767982","0.017490150369332814","0.04686662153030105","0.029376471160968233","5","156","0.027841453309405663","1.446452029520091e-7","1.2277380399898834e-7","0.013766559825891925","0.07282836318604768","0.059061803360155755","1242","실험 추정; 미래 우월성 미확인"
"joint_sum_odd_adjacent","합계 × 홀수 × 연속쌍","90-119|odd=4|adjacent=2","합계 90~119 / 홀수 4 / 연속쌍 2","true","53117","1","522","0.0019157088122605363","0.006521376147014264","3.4041583487414457","0.2937583677239077","0.0003382497261719287","0.010770533582384188","0.01043228385621226","0","156","0.003260688073507132","6.138690199949417e-8","1.2277380399898834e-7","0","0.024032931437414938","0.02403293143741494","1242","실험 추정; 미래 우월성 미확인"
"joint_sum_odd_adjacent","합계 × 홀수 × 연속쌍","90-119|odd=4|adjacent=3","합계 90~119 / 홀수 4 / 연속쌍 3","true","4757","1","522","0.0019157088122605363","0.0005840349856231875","0.3048662624953039","3.280126806472736","0.0003382497261719287","0.010770533582384188","0.01043228385621226","1","156","0.0034971456979397994","7.35157809110742e-7","1.2277380399898834e-7","0.0011324653171247909","0.035412864435195084","0.03428039911807029","1242","실험 추정; 미래 우월성 미확인"
"joint_sum_odd_adjacent","합계 × 홀수 × 연속쌍","90-119|odd=4|adjacent=4","합계 90~119 / 홀수 4 / 연속쌍 4","true","97","0","522","0","0.00001190905898790187","0.006216528791684776","0","0","0.007305355552050563","0.007305355552050563","0","156","0.000005954529493950935","6.138690199949417e-8","1.2277380399898834e-7","0","0.024032931437414938","0.02403293143741494","1242","실험 추정; 미래 우월성 미확인"
"joint_sum_odd_adjacent","합계 × 홀수 × 연속쌍","90-119|odd=4|adjacent=5","합계 90~119 / 홀수 4 / 연속쌍 5","false","0","0","522","0","0","0","","","","","0","156","0","","1.2277380399898834e-7","","","","1242","실험 추정; 미래 우월성 미확인"
"joint_sum_odd_adjacent","합계 × 홀수 × 연속쌍","90-119|odd=5|adjacent=0","합계 90~119 / 홀수 5 / 연속쌍 0","true","98818","5","522","0.009578544061302681","0.01213226176357203","6.3330406405846","0.7895101711424438","0.00409812540244997","0.02222436893212836","0.018126243529678388","4","156","0.018886643702298835","1.9112554091662283e-7","1.2277380399898834e-7","0.010015466073008981","0.0640670586240257","0.054051592551016714","1242","실험 추정; 미래 우월성 미확인"
"joint_sum_odd_adjacent","합계 × 홀수 × 연속쌍","90-119|odd=5|adjacent=1","합계 90~119 / 홀수 5 / 연속쌍 1","true","60078","6","522","0.011494252873563218","0.007376004596651222","3.850274399451938","1.5583304921992214","0.005278273303937627","0.024847648787146258","0.01956937548320863","1","156","0.006893130503453817","1.147363511344222e-7","1.2277380399898834e-7","0.0011324653171247909","0.035412864435195084","0.03428039911807029","1242","실험 추정; 미래 우월성 미확인"
"joint_sum_odd_adjacent","합계 × 홀수 × 연속쌍","90-119|odd=5|adjacent=2","합계 90~119 / 홀수 5 / 연속쌍 2","true","6415","0","522","0","0.0007875939526535102","0.4111240432851323","0","0","0.007305355552050563","0.007305355552050563","0","156","0.0003937969763267551","6.138690199949417e-8","1.2277380399898834e-7","0","0.024032931437414938","0.02403293143741494","1242","실험 추정; 미래 우월성 미확인"
"joint_sum_odd_adjacent","합계 × 홀수 × 연속쌍","90-119|odd=5|adjacent=3","합계 90~119 / 홀수 5 / 연속쌍 3","false","0","0","522","0","0","0","","","","","0","156","0","","1.2277380399898834e-7","","","","1242","실험 추정; 미래 우월성 미확인"
"joint_sum_odd_adjacent","합계 × 홀수 × 연속쌍","90-119|odd=5|adjacent=4","합계 90~119 / 홀수 5 / 연속쌍 4","false","0","0","522","0","0","0","","","","","0","156","0","","1.2277380399898834e-7","","","","1242","실험 추정; 미래 우월성 미확인"
"joint_sum_odd_adjacent","합계 × 홀수 × 연속쌍","90-119|odd=5|adjacent=5","합계 90~119 / 홀수 5 / 연속쌍 5","false","0","0","522","0","0","0","","","","","0","156","0","","1.2277380399898834e-7","","","","1242","실험 추정; 미래 우월성 미확인"
"joint_sum_odd_adjacent","합계 × 홀수 × 연속쌍","90-119|odd=6|adjacent=0","합계 90~119 / 홀수 6 / 연속쌍 0","true","21689","0","522","0","0.0026628410349340582","1.3900030202355784","0","0","0.007305355552050563","0.007305355552050563","0","156","0.0013314205174670291","6.138690199949417e-8","1.2277380399898834e-7","0","0.024032931437414938","0.02403293143741494","1242","실험 추정; 미래 우월성 미확인"
"joint_sum_odd_adjacent","합계 × 홀수 × 연속쌍","90-119|odd=6|adjacent=1","합계 90~119 / 홀수 6 / 연속쌍 1","false","0","0","522","0","0","0","","","","","0","156","0","","1.2277380399898834e-7","","","","1242","실험 추정; 미래 우월성 미확인"
"joint_sum_odd_adjacent","합계 × 홀수 × 연속쌍","90-119|odd=6|adjacent=2","합계 90~119 / 홀수 6 / 연속쌍 2","false","0","0","522","0","0","0","","","","","0","156","0","","1.2277380399898834e-7","","","","1242","실험 추정; 미래 우월성 미확인"
"joint_sum_odd_adjacent","합계 × 홀수 × 연속쌍","90-119|odd=6|adjacent=3","합계 90~119 / 홀수 6 / 연속쌍 3","false","0","0","522","0","0","0","","","","","0","156","0","","1.2277380399898834e-7","","","","1242","실험 추정; 미래 우월성 미확인"
"joint_sum_odd_adjacent","합계 × 홀수 × 연속쌍","90-119|odd=6|adjacent=4","합계 90~119 / 홀수 6 / 연속쌍 4","false","0","0","522","0","0","0","","","","","0","156","0","","1.2277380399898834e-7","","","","1242","실험 추정; 미래 우월성 미확인"
"joint_sum_odd_adjacent","합계 × 홀수 × 연속쌍","90-119|odd=6|adjacent=5","합계 90~119 / 홀수 6 / 연속쌍 5","false","0","0","522","0","0","0","","","","","0","156","0","","1.2277380399898834e-7","","","","1242","실험 추정; 미래 우월성 미확인"
"joint_sum_odd_adjacent","합계 × 홀수 × 연속쌍","120-149|odd=0|adjacent=0","합계 120~149 / 홀수 0 / 연속쌍 0","true","30317","5","522","0.009578544061302681","0.0037221334158373297","1.9429536430670862","2.5734015929001557","0.00409812540244997","0.02222436893212836","0.018126243529678388","2","156","0.008271323118175074","2.728278892428365e-7","1.2277380399898834e-7","0.0035229170716722553","0.04553481099555255","0.04201189392388029","1242","실험 추정; 미래 우월성 미확인"
"joint_sum_odd_adjacent","합계 × 홀수 × 연속쌍","120-149|odd=0|adjacent=1","합계 120~149 / 홀수 0 / 연속쌍 1","false","0","0","522","0","0","0","","","","","0","156","0","","1.2277380399898834e-7","","","","1242","실험 추정; 미래 우월성 미확인"
"joint_sum_odd_adjacent","합계 × 홀수 × 연속쌍","120-149|odd=0|adjacent=2","합계 120~149 / 홀수 0 / 연속쌍 2","false","0","0","522","0","0","0","","","","","0","156","0","","1.2277380399898834e-7","","","","1242","실험 추정; 미래 우월성 미확인"
"joint_sum_odd_adjacent","합계 × 홀수 × 연속쌍","120-149|odd=0|adjacent=3","합계 120~149 / 홀수 0 / 연속쌍 3","false","0","0","522","0","0","0","","","","","0","156","0","","1.2277380399898834e-7","","","","1242","실험 추정; 미래 우월성 미확인"
"joint_sum_odd_adjacent","합계 × 홀수 × 연속쌍","120-149|odd=0|adjacent=4","합계 120~149 / 홀수 0 / 연속쌍 4","false","0","0","522","0","0","0","","","","","0","156","0","","1.2277380399898834e-7","","","","1242","실험 추정; 미래 우월성 미확인"
"joint_sum_odd_adjacent","합계 × 홀수 × 연속쌍","120-149|odd=0|adjacent=5","합계 120~149 / 홀수 0 / 연속쌍 5","false","0","0","522","0","0","0","","","","","0","156","0","","1.2277380399898834e-7","","","","1242","실험 추정; 미래 우월성 미확인"
"joint_sum_odd_adjacent","합계 × 홀수 × 연속쌍","120-149|odd=1|adjacent=0","합계 120~149 / 홀수 1 / 연속쌍 0","true","153524","6","522","0.011494252873563218","0.018848725485140685","9.839034703243437","0.6098159200538341","0.005278273303937627","0.024847648787146258","0.01956937548320863","3","156","0.019039747357954957","1.2401805162681377e-7","1.2277380399898834e-7","0.00656140638822535","0.0550087199939044","0.04844731360567905","1242","실험 추정; 미래 우월성 미확인"
"joint_sum_odd_adjacent","합계 × 홀수 × 연속쌍","120-149|odd=1|adjacent=1","합계 120~149 / 홀수 1 / 연속쌍 1","true","74803","4","522","0.007662835249042145","0.009183848860536326","4.793969105199962","0.8343816808625751","0.0029838454428542643","0.01953522113521851","0.016551375692364246","1","156","0.007797052635396369","1.042344910684915e-7","1.2277380399898834e-7","0.0011324653171247909","0.035412864435195084","0.03428039911807029","1242","실험 추정; 미래 우월성 미확인"
"joint_sum_odd_adjacent","합계 × 홀수 × 연속쌍","120-149|odd=1|adjacent=2","합계 120~149 / 홀수 1 / 연속쌍 2","true","6140","0","522","0","0.0007538311565537884","0.39349986372107754","0","0","0.007305355552050563","0.007305355552050563","0","156","0.0003769155782768942","6.138690199949417e-8","1.2277380399898834e-7","0","0.024032931437414938","0.02403293143741494","1242","실험 추정; 미래 우월성 미확인"
"joint_sum_odd_adjacent","합계 × 홀수 × 연속쌍","120-149|odd=1|adjacent=3","합계 120~149 / 홀수 1 / 연속쌍 3","false","0","0","522","0","0","0","","","","","0","156","0","","1.2277380399898834e-7","","","","1242","실험 추정; 미래 우월성 미확인"
"joint_sum_odd_adjacent","합계 × 홀수 × 연속쌍","120-149|odd=1|adjacent=4","합계 120~149 / 홀수 1 / 연속쌍 4","false","0","0","522","0","0","0","","","","","0","156","0","","1.2277380399898834e-7","","","","1242","실험 추정; 미래 우월성 미확인"
"joint_sum_odd_adjacent","합계 × 홀수 × 연속쌍","120-149|odd=1|adjacent=5","합계 120~149 / 홀수 1 / 연속쌍 5","false","0","0","522","0","0","0","","","","","0","156","0","","1.2277380399898834e-7","","","","1242","실험 추정; 미래 우월성 미확인"
"joint_sum_odd_adjacent","합계 × 홀수 × 연속쌍","120-149|odd=2|adjacent=0","합계 120~149 / 홀수 2 / 연속쌍 0","true","350489","24","522","0.04597701149425287","0.043030867789801426","22.462112986276345","1.0684658212993254","0.03108840263625743","0.06749921907192641","0.036410816435668986","5","156","0.03754107492054174","1.071105652974608e-7","1.2277380399898834e-7","0.013766559825891925","0.07282836318604768","0.059061803360155755","1242","실험 추정; 미래 우월성 미확인"
"joint_sum_odd_adjacent","합계 × 홀수 × 연속쌍","120-149|odd=2|adjacent=1","합계 120~149 / 홀수 2 / 연속쌍 1","true","272097","14","522","0.02681992337164751","0.03340638374671273","17.438132315784046","0.8028382711219575","0.016042087958373495","0.044511256184754815","0.028469168226381316","5","156","0.0327288328989974","1.2028369625169478e-7","1.2277380399898834e-7","0.013766559825891925","0.07282836318604768","0.059061803360155755","1242","실험 추정; 미래 우월성 미확인"
"joint_sum_odd_adjacent","합계 × 홀수 × 연속쌍","120-149|odd=2|adjacent=2","합계 120~149 / 홀수 2 / 연속쌍 2","true","64177","5","522","0.009578544061302681","0.007879254419243075","4.112970806844885","1.2156662993277034","0.00409812540244997","0.02222436893212836","0.018126243529678388","2","156","0.010349883619877947","1.6127091668164524e-7","1.2277380399898834e-7","0.0035229170716722553","0.04553481099555255","0.04201189392388029","1242","실험 추정; 미래 우월성 미확인"
"joint_sum_odd_adjacent","합계 × 홀수 × 연속쌍","120-149|odd=2|adjacent=3","합계 120~149 / 홀수 2 / 연속쌍 3","true","5059","0","522","0","0.0006211126744308821","0.32422081605292047","0","0","0.007305355552050563","0.007305355552050563","0","156","0.00031055633721544104","6.138690199949417e-8","1.2277380399898834e-7","0","0.024032931437414938","0.02403293143741494","1242","실험 추정; 미래 우월성 미확인"
"joint_sum_odd_adjacent","합계 × 홀수 × 연속쌍","120-149|odd=2|adjacent=4","합계 120~149 / 홀수 2 / 연속쌍 4","true","103","0","522","0","0.000012645701811895799","0.006601056345809607","0","0","0.007305355552050563","0.007305355552050563","0","156","0.0000063228509059478995","6.138690199949417e-8","1.2277380399898834e-7","0","0.024032931437414938","0.02403293143741494","1242","실험 추정; 미래 우월성 미확인"
"joint_sum_odd_adjacent","합계 × 홀수 × 연속쌍","120-149|odd=2|adjacent=5","합계 120~149 / 홀수 2 / 연속쌍 5","false","0","0","522","0","0","0","","","","","0","156","0","","1.2277380399898834e-7","","","","1242","실험 추정; 미래 우월성 미확인"
"joint_sum_odd_adjacent","합계 × 홀수 × 연속쌍","120-149|odd=3|adjacent=0","합계 120~149 / 홀수 3 / 연속쌍 0","true","468642","29","522","0.05555555555555555","0.057536961053693894","30.034293670028212","0.9655629101389405","0.03895678720528367","0.07864797328542793","0.039691186080144256","7","156","0.051204377962744387","1.0926118009641557e-7","1.2277380399898834e-7","0.0219033374935471","0.08971638214820239","0.06781304465465529","1242","실험 추정; 미래 우월성 미확인"
"joint_sum_odd_adjacent","합계 × 홀수 × 연속쌍","120-149|odd=3|adjacent=1","합계 120~149 / 홀수 3 / 연속쌍 1","true","409136","19","522","0.03639846743295019","0.0502311830729301","26.22067756406951","0.7246189559203425","0.02342383884470136","0.05614664408095472","0.03272280523625336","8","156","0.05075661717749069","1.240580569235919e-7","1.2277380399898834e-7","0.026211493454316684","0.09792062450233774","0.07170913104802105","1242","실험 추정; 미래 우월성 미확인"
"joint_sum_odd_adjacent","합계 × 홀수 × 연속쌍","120-149|odd=3|adjacent=2","합계 120~149 / 홀수 3 / 연속쌍 2","true","117253","4","522","0.007662835249042145","0.01439559684029338","7.5145015506331445","0.5323041020149866","0.0029838454428542643","0.01953522113521851","0.016551375692364246","0","156","0.00719779842014669","6.138690199949417e-8","1.2277380399898834e-7","0","0.024032931437414938","0.02403293143741494","1242","실험 추정; 미래 우월성 미확인"
"joint_sum_odd_adjacent","합계 × 홀수 × 연속쌍","120-149|odd=3|adjacent=3","합계 120~149 / 홀수 3 / 연속쌍 3","true","12833","3","522","0.005747126436781609","0.0015755562267190173","0.8224403503473271","3.6476809518563402","0.001956426716828272","0.016759212104738953","0.01480278538791068","1","156","0.003992906318487714","3.1114363893771633e-7","1.2277380399898834e-7","0.0011324653171247909","0.035412864435195084","0.03428039911807029","1242","실험 추정; 미래 우월성 미확인"
"joint_sum_odd_adjacent","합계 × 홀수 × 연속쌍","120-149|odd=3|adjacent=4","합계 120~149 / 홀수 3 / 연속쌍 4","true","501","0","522","0","0.00006150967580349316","0.03210805076942343","0","0","0.007305355552050563","0.007305355552050563","0","156","0.00003075483790174658","6.138690199949417e-8","1.2277380399898834e-7","0","0.024032931437414938","0.02403293143741494","1242","실험 추정; 미래 우월성 미확인"
"joint_sum_odd_adjacent","합계 × 홀수 × 연속쌍","120-149|odd=3|adjacent=5","합계 120~149 / 홀수 3 / 연속쌍 5","true","5","0","522","0","6.138690199949418e-7","0.0003204396284373596","0","0","0.007305355552050563","0.007305355552050563","0","156","3.069345099974709e-7","6.138690199949417e-8","1.2277380399898834e-7","0","0.024032931437414938","0.02403293143741494","1242","실험 추정; 미래 우월성 미확인"
"joint_sum_odd_adjacent","합계 × 홀수 × 연속쌍","120-149|odd=4|adjacent=0","합계 120~149 / 홀수 4 / 연속쌍 0","true","380668","26","522","0.04980842911877394","0.04673605842068689","24.396222495598558","1.0657387636422313","0.034214419847684245","0.07198005737351071","0.037765637525826456","8","156","0.04900905485136909","1.287448770355509e-7","1.2277380399898834e-7","0.026211493454316684","0.09792062450233774","0.07170913104802105","1242","실험 추정; 미래 우월성 미확인"
"joint_sum_odd_adjacent","합계 × 홀수 × 연속쌍","120-149|odd=4|adjacent=1","합계 120~149 / 홀수 4 / 연속쌍 1","true","298388","26","522","0.04980842911877394","0.03663422982765013","19.123067970033368","1.3596144740343477","0.034214419847684245","0.07198005737351071","0.037765637525826456","10","156","0.05036839696510712","1.6880168426715257e-7","1.2277380399898834e-7","0.03518858274470879","0.1139683318417555","0.07877974909704671","1242","실험 추정; 미래 우월성 미확인"
"joint_sum_odd_adjacent","합계 × 홀수 × 연속쌍","120-149|odd=4|adjacent=2","합계 120~149 / 홀수 4 / 연속쌍 2","true","70068","8","522","0.01532567049808429","0.008602514898601116","4.490512777069783","1.7815337350449052","0.007785761374318736","0.029947016229776247","0.022161254855457512","3","156","0.013916642064685174","1.9861623087122757e-7","1.2277380399898834e-7","0.00656140638822535","0.0550087199939044","0.04844731360567905","1242","실험 추정; 미래 우월성 미확인"
"joint_sum_odd_adjacent","합계 × 홀수 × 연속쌍","120-149|odd=4|adjacent=3","합계 120~149 / 홀수 4 / 연속쌍 3","true","5405","1","522","0.0019157088122605363","0.000663592410614532","0.3463952383407857","2.88687571108063","0.0003382497261719287","0.010770533582384188","0.01043228385621226","1","156","0.003536924410435471","6.54380094437645e-7","1.2277380399898834e-7","0.0011324653171247909","0.035412864435195084","0.03428039911807029","1242","실험 추정; 미래 우월성 미확인"
"joint_sum_odd_adjacent","합계 × 홀수 × 연속쌍","120-149|odd=4|adjacent=4","합계 120~149 / 홀수 4 / 연속쌍 4","true","110","0","522","0","0.000013505118439888717","0.007049671825621911","0","0","0.007305355552050563","0.007305355552050563","0","156","0.000006752559219944359","6.138690199949417e-8","1.2277380399898834e-7","0","0.024032931437414938","0.02403293143741494","1242","실험 추정; 미래 우월성 미확인"
"joint_sum_odd_adjacent","합계 × 홀수 × 연속쌍","120-149|odd=4|adjacent=5","합계 120~149 / 홀수 4 / 연속쌍 5","false","0","0","522","0","0","0","","","","","0","156","0","","1.2277380399898834e-7","","","","1242","실험 추정; 미래 우월성 미확인"
"joint_sum_odd_adjacent","합계 × 홀수 × 연속쌍","120-149|odd=5|adjacent=0","합계 120~149 / 홀수 5 / 연속쌍 0","true","181460","11","522","0.0210727969348659","0.022278534473656426","11.629394995248655","0.9458789562564689","0.011806681288622858","0.037336379584988796","0.025529698296365935","2","156","0.017549523647084626","9.671290448079261e-8","1.2277380399898834e-7","0.0035229170716722553","0.04553481099555255","0.04201189392388029","1242","실험 추정; 미래 우월성 미확인"
"joint_sum_odd_adjacent","합계 × 홀수 × 연속쌍","120-149|odd=5|adjacent=1","합계 120~149 / 홀수 5 / 연속쌍 1","true","90001","8","522","0.01532567049808429","0.01104976513371295","5.76797739979816","1.3869679864348887","0.007785761374318736","0.029947016229776247","0.022161254855457512","2","156","0.011935138977112885","1.3261118184367824e-7","1.2277380399898834e-7","0.0035229170716722553","0.04553481099555255","0.04201189392388029","1242","실험 추정; 미래 우월성 미확인"
"joint_sum_odd_adjacent","합계 × 홀수 × 연속쌍","120-149|odd=5|adjacent=2","합계 120~149 / 홀수 5 / 연속쌍 2","true","7140","0","522","0","0.0008766049605527768","0.4575877894085495","0","0","0.007305355552050563","0.007305355552050563","0","156","0.0004383024802763884","6.138690199949417e-8","1.2277380399898834e-7","0","0.024032931437414938","0.02403293143741494","1242","실험 추정; 미래 우월성 미확인"
"joint_sum_odd_adjacent","합계 × 홀수 × 연속쌍","120-149|odd=5|adjacent=3","합계 120~149 / 홀수 5 / 연속쌍 3","false","0","0","522","0","0","0","","","","","0","156","0","","1.2277380399898834e-7","","","","1242","실험 추정; 미래 우월성 미확인"
"joint_sum_odd_adjacent","합계 × 홀수 × 연속쌍","120-149|odd=5|adjacent=4","합계 120~149 / 홀수 5 / 연속쌍 4","false","0","0","522","0","0","0","","","","","0","156","0","","1.2277380399898834e-7","","","","1242","실험 추정; 미래 우월성 미확인"
"joint_sum_odd_adjacent","합계 × 홀수 × 연속쌍","120-149|odd=5|adjacent=5","합계 120~149 / 홀수 5 / 연속쌍 5","false","0","0","522","0","0","0","","","","","0","156","0","","1.2277380399898834e-7","","","","1242","실험 추정; 미래 우월성 미확인"
"joint_sum_odd_adjacent","합계 × 홀수 × 연속쌍","120-149|odd=6|adjacent=0","합계 120~149 / 홀수 6 / 연속쌍 0","true","39171","4","522","0.007662835249042145","0.004809172676444372","2.5103881371039622","1.5933791037646017","0.0029838454428542643","0.01953522113521851","0.016551375692364246","1","156","0.005609714543350391","1.4321090968702333e-7","1.2277380399898834e-7","0.0011324653171247909","0.035412864435195084","0.03428039911807029","1242","실험 추정; 미래 우월성 미확인"
"joint_sum_odd_adjacent","합계 × 홀수 × 연속쌍","120-149|odd=6|adjacent=1","합계 120~149 / 홀수 6 / 연속쌍 1","false","0","0","522","0","0","0","","","","","0","156","0","","1.2277380399898834e-7","","","","1242","실험 추정; 미래 우월성 미확인"
"joint_sum_odd_adjacent","합계 × 홀수 × 연속쌍","120-149|odd=6|adjacent=2","합계 120~149 / 홀수 6 / 연속쌍 2","false","0","0","522","0","0","0","","","","","0","156","0","","1.2277380399898834e-7","","","","1242","실험 추정; 미래 우월성 미확인"
"joint_sum_odd_adjacent","합계 × 홀수 × 연속쌍","120-149|odd=6|adjacent=3","합계 120~149 / 홀수 6 / 연속쌍 3","false","0","0","522","0","0","0","","","","","0","156","0","","1.2277380399898834e-7","","","","1242","실험 추정; 미래 우월성 미확인"
"joint_sum_odd_adjacent","합계 × 홀수 × 연속쌍","120-149|odd=6|adjacent=4","합계 120~149 / 홀수 6 / 연속쌍 4","false","0","0","522","0","0","0","","","","","0","156","0","","1.2277380399898834e-7","","","","1242","실험 추정; 미래 우월성 미확인"
"joint_sum_odd_adjacent","합계 × 홀수 × 연속쌍","120-149|odd=6|adjacent=5","합계 120~149 / 홀수 6 / 연속쌍 5","false","0","0","522","0","0","0","","","","","0","156","0","","1.2277380399898834e-7","","","","1242","실험 추정; 미래 우월성 미확인"
"joint_sum_odd_adjacent","합계 × 홀수 × 연속쌍","150-179|odd=0|adjacent=0","합계 150~179 / 홀수 0 / 연속쌍 0","true","20877","2","522","0.0038314176245210726","0.00256314870608688","1.3379636245773512","1.4948089494075587","0.0010513424945747156","0.013860868570486955","0.012809526075912238","0","156","0.00128157435304344","6.138690199949417e-8","1.2277380399898834e-7","0","0.024032931437414938","0.02403293143741494","1242","실험 추정; 미래 우월성 미확인"
"joint_sum_odd_adjacent","합계 × 홀수 × 연속쌍","150-179|odd=0|adjacent=1","합계 150~179 / 홀수 0 / 연속쌍 1","false","0","0","522","0","0","0","","","","","0","156","0","","1.2277380399898834e-7","","","","1242","실험 추정; 미래 우월성 미확인"
"joint_sum_odd_adjacent","합계 × 홀수 × 연속쌍","150-179|odd=0|adjacent=2","합계 150~179 / 홀수 0 / 연속쌍 2","false","0","0","522","0","0","0","","","","","0","156","0","","1.2277380399898834e-7","","","","1242","실험 추정; 미래 우월성 미확인"
"joint_sum_odd_adjacent","합계 × 홀수 × 연속쌍","150-179|odd=0|adjacent=3","합계 150~179 / 홀수 0 / 연속쌍 3","false","0","0","522","0","0","0","","","","","0","156","0","","1.2277380399898834e-7","","","","1242","실험 추정; 미래 우월성 미확인"
"joint_sum_odd_adjacent","합계 × 홀수 × 연속쌍","150-179|odd=0|adjacent=4","합계 150~179 / 홀수 0 / 연속쌍 4","false","0","0","522","0","0","0","","","","","0","156","0","","1.2277380399898834e-7","","","","1242","실험 추정; 미래 우월성 미확인"
"joint_sum_odd_adjacent","합계 × 홀수 × 연속쌍","150-179|odd=0|adjacent=5","합계 150~179 / 홀수 0 / 연속쌍 5","false","0","0","522","0","0","0","","","","","0","156","0","","1.2277380399898834e-7","","","","1242","실험 추정; 미래 우월성 미확인"
"joint_sum_odd_adjacent","합계 × 홀수 × 연속쌍","150-179|odd=1|adjacent=0","합계 150~179 / 홀수 1 / 연속쌍 0","true","99729","6","522","0.011494252873563218","0.012244108699015108","6.391424740885887","0.9387578268141146","0.005278273303937627","0.024847648787146258","0.01956937548320863","1","156","0.009327182554635759","9.352527905259011e-8","1.2277380399898834e-7","0.0011324653171247909","0.035412864435195084","0.03428039911807029","1242","실험 추정; 미래 우월성 미확인"
"joint_sum_odd_adjacent","합계 × 홀수 × 연속쌍","150-179|odd=1|adjacent=1","합계 150~179 / 홀수 1 / 연속쌍 1","true","57085","4","522","0.007662835249042145","0.007008542601282249","3.658459237869334","1.0933564486916567","0.0029838454428542643","0.01953522113521851","0.016551375692364246","3","156","0.013119655916025739","2.2982667804196792e-7","1.2277380399898834e-7","0.00656140638822535","0.0550087199939044","0.04844731360567905","1242","실험 추정; 미래 우월성 미확인"
"joint_sum_odd_adjacent","합계 × 홀수 × 연속쌍","150-179|odd=1|adjacent=2","합계 150~179 / 홀수 1 / 연속쌍 2","true","5719","0","522","0","0.0007021433850702143","0.3665188470066519","0","0","0.007305355552050563","0.007305355552050563","0","156","0.00035107169253510717","6.138690199949417e-8","1.2277380399898834e-7","0","0.024032931437414938","0.02403293143741494","1242","실험 추정; 미래 우월성 미확인"
"joint_sum_odd_adjacent","합계 × 홀수 × 연속쌍","150-179|odd=1|adjacent=3","합계 150~179 / 홀수 1 / 연속쌍 3","false","0","0","522","0","0","0","","","","","0","156","0","","1.2277380399898834e-7","","","","1242","실험 추정; 미래 우월성 미확인"
"joint_sum_odd_adjacent","합계 × 홀수 × 연속쌍","150-179|odd=1|adjacent=4","합계 150~179 / 홀수 1 / 연속쌍 4","false","0","0","522","0","0","0","","","","","0","156","0","","1.2277380399898834e-7","","","","1242","실험 추정; 미래 우월성 미확인"
"joint_sum_odd_adjacent","합계 × 홀수 × 연속쌍","150-179|odd=1|adjacent=5","합계 150~179 / 홀수 1 / 연속쌍 5","false","0","0","522","0","0","0","","","","","0","156","0","","1.2277380399898834e-7","","","","1242","실험 추정; 미래 우월성 미확인"
"joint_sum_odd_adjacent","합계 × 홀수 × 연속쌍","150-179|odd=2|adjacent=0","합계 150~179 / 홀수 2 / 연속쌍 0","true","233375","17","522","0.032567049808429116","0.028652336508263904","14.956519657313757","1.136628065185404","0.020431047246400574","0.05153258016624439","0.031101532919843817","10","156","0.04637745030541401","1.9872501469914946e-7","1.2277380399898834e-7","0.03518858274470879","0.1139683318417555","0.07877974909704671","1242","실험 추정; 미래 우월성 미확인"
"joint_sum_odd_adjacent","합계 × 홀수 × 연속쌍","150-179|odd=2|adjacent=1","합계 150~179 / 홀수 2 / 연속쌍 1","true","212125","9","522","0.017241379310344827","0.0260433931732854","13.594651236454979","0.6620250746753906","0.00909674645631465","0.032439458904285894","0.02334271244797124","4","156","0.025842209407155526","1.2182538318046212e-7","1.2277380399898834e-7","0.010015466073008981","0.0640670586240257","0.054051592551016714","1242","실험 추정; 미래 우월성 미확인"
"joint_sum_odd_adjacent","합계 × 홀수 × 연속쌍","150-179|odd=2|adjacent=2","합계 150~179 / 홀수 2 / 연속쌍 2","true","54689","3","522","0.005747126436781609","0.006714376566900673","3.5049045679221513","0.8559434192465105","0.001956426716828272","0.016759212104738953","0.01480278538791068","2","156","0.009767444693706747","1.785998042331501e-7","1.2277380399898834e-7","0.0035229170716722553","0.04553481099555255","0.04201189392388029","1242","실험 추정; 미래 우월성 미확인"
"joint_sum_odd_adjacent","합계 × 홀수 × 연속쌍","150-179|odd=2|adjacent=3","합계 150~179 / 홀수 2 / 연속쌍 3","true","4624","1","522","0.0019157088122605363","0.0005677060696913221","0.29634256837887013","3.3744730143578727","0.0003382497261719287","0.010770533582384188","0.01043228385621226","1","156","0.0034889812399738662","7.545374653922721e-7","1.2277380399898834e-7","0.0011324653171247909","0.035412864435195084","0.03428039911807029","1242","실험 추정; 미래 우월성 미확인"
"joint_sum_odd_adjacent","합계 × 홀수 × 연속쌍","150-179|odd=2|adjacent=4","합계 150~179 / 홀수 2 / 연속쌍 4","true","98","0","522","0","0.000012031832791900858","0.006280616717372248","0","0","0.007305355552050563","0.007305355552050563","0","156","0.000006015916395950429","6.138690199949417e-8","1.2277380399898834e-7","0","0.024032931437414938","0.02403293143741494","1242","실험 추정; 미래 우월성 미확인"
"joint_sum_odd_adjacent","합계 × 홀수 × 연속쌍","150-179|odd=2|adjacent=5","합계 150~179 / 홀수 2 / 연속쌍 5","false","0","0","522","0","0","0","","","","","0","156","0","","1.2277380399898834e-7","","","","1242","실험 추정; 미래 우월성 미확인"
"joint_sum_odd_adjacent","합계 × 홀수 × 연속쌍","150-179|odd=3|adjacent=0","합계 150~179 / 홀수 3 / 연속쌍 0","true","300986","17","522","0.032567049808429116","0.0369531961704395","19.289568400969422","0.8813053587630112","0.020431047246400574","0.05153258016624439","0.031101532919843817","3","156","0.028091982700604368","9.333318725988707e-8","1.2277380399898834e-7","0.00656140638822535","0.0550087199939044","0.04844731360567905","1242","실험 추정; 미래 우월성 미확인"
"joint_sum_odd_adjacent","합계 × 홀수 × 연속쌍","150-179|odd=3|adjacent=1","합계 150~179 / 홀수 3 / 연속쌍 1","true","311598","20","522","0.038314176245210725","0.03825607177847677","19.969669468364874","1.0015188299277147","0.02493732156530935","0.058436589116852275","0.03349926755154293","3","156","0.028743420504623005","9.224520216632651e-8","1.2277380399898834e-7","0.00656140638822535","0.0550087199939044","0.04844731360567905","1242","실험 추정; 미래 우월성 미확인"
"joint_sum_odd_adjacent","합계 × 홀수 × 연속쌍","150-179|odd=3|adjacent=2","합계 150~179 / 홀수 3 / 연속쌍 2","true","97382","3","522","0.005747126436781609","0.011955958581029482","6.24101037929739","0.48069139733392635","0.001956426716828272","0.016759212104738953","0.01480278538791068","0","156","0.005977979290514741","6.138690199949417e-8","1.2277380399898834e-7","0","0.024032931437414938","0.02403293143741494","1242","실험 추정; 미래 우월성 미확인"
"joint_sum_odd_adjacent","합계 × 홀수 × 연속쌍","150-179|odd=3|adjacent=3","합계 150~179 / 홀수 3 / 연속쌍 3","true","11515","0","522","0","0.0014137403530483507","0.7379724642912391","0","0","0.007305355552050563","0.007305355552050563","0","156","0.0007068701765241753","6.138690199949417e-8","1.2277380399898834e-7","0","0.024032931437414938","0.02403293143741494","1242","실험 추정; 미래 우월성 미확인"
"joint_sum_odd_adjacent","합계 × 홀수 × 연속쌍","150-179|odd=3|adjacent=4","합계 150~179 / 홀수 3 / 연속쌍 4","true","485","0","522","0","0.000059545294939509346","0.03108264395842388","0","0","0.007305355552050563","0.007305355552050563","0","156","0.000029772647469754673","6.138690199949417e-8","1.2277380399898834e-7","0","0.024032931437414938","0.02403293143741494","1242","실험 추정; 미래 우월성 미확인"
"joint_sum_odd_adjacent","합계 × 홀수 × 연속쌍","150-179|odd=3|adjacent=5","합계 150~179 / 홀수 3 / 연속쌍 5","true","5","0","522","0","6.138690199949418e-7","0.0003204396284373596","0","0","0.007305355552050563","0.007305355552050563","0","156","3.069345099974709e-7","6.138690199949417e-8","1.2277380399898834e-7","0","0.024032931437414938","0.02403293143741494","1242","실험 추정; 미래 우월성 미확인"
"joint_sum_odd_adjacent","합계 × 홀수 × 연속쌍","150-179|odd=4|adjacent=0","합계 150~179 / 홀수 4 / 연속쌍 0","true","257221","22","522","0.0421455938697318","0.03158000063842378","16.484760333257213","1.3345659600289155","0.02799466883834159","0.06298609735683115","0.03499142851848956","9","156","0.04463615416536574","1.735323094357216e-7","1.2277380399898834e-7","0.03064574216379553","0.10599877410776384","0.07535303194396832","1242","실험 추정; 미래 우월성 미확인"
"joint_sum_odd_adjacent","합계 × 홀수 × 연속쌍","150-179|odd=4|adjacent=1","합계 150~179 / 홀수 4 / 연속쌍 1","true","233117","11","522","0.0210727969348659","0.028620660866832164","14.93998497248639","0.7362791877138899","0.011806681288622858","0.037336379584988796","0.025529698296365935","5","156","0.030335971459057108","1.3013195716767594e-7","1.2277380399898834e-7","0.013766559825891925","0.07282836318604768","0.059061803360155755","1242","실험 추정; 미래 우월성 미확인"
"joint_sum_odd_adjacent","합계 × 홀수 × 연속쌍","150-179|odd=4|adjacent=2","합계 150~179 / 홀수 4 / 연속쌍 2","true","59861","6","522","0.011494252873563218","0.007349362681183441","3.8363673195777563","1.5639795411093171","0.005278273303937627","0.024847648787146258","0.01956937548320863","2","156","0.01008493775084813","1.6847259068255008e-7","1.2277380399898834e-7","0.0035229170716722553","0.04553481099555255","0.04201189392388029","1242","실험 추정; 미래 우월성 미확인"
"joint_sum_odd_adjacent","합계 × 홀수 × 연속쌍","150-179|odd=4|adjacent=3","합계 150~179 / 홀수 4 / 연속쌍 3","true","5041","0","522","0","0.0006189027459589003","0.32306723339054594","0","0","0.007305355552050563","0.007305355552050563","0","156","0.00030945137297945014","6.138690199949417e-8","1.2277380399898834e-7","0","0.024032931437414938","0.02403293143741494","1242","실험 추정; 미래 우월성 미확인"
"joint_sum_odd_adjacent","합계 × 홀수 × 연속쌍","150-179|odd=4|adjacent=4","합계 150~179 / 홀수 4 / 연속쌍 4","true","102","0","522","0","0.000012522928007896812","0.006536968420122136","0","0","0.007305355552050563","0.007305355552050563","0","156","0.000006261464003948407","6.138690199949418e-8","1.2277380399898834e-7","0","0.024032931437414938","0.02403293143741494","1242","실험 추정; 미래 우월성 미확인"
"joint_sum_odd_adjacent","합계 × 홀수 × 연속쌍","150-179|odd=4|adjacent=5","합계 150~179 / 홀수 4 / 연속쌍 5","false","0","0","522","0","0","0","","","","","0","156","0","","1.2277380399898834e-7","","","","1242","실험 추정; 미래 우월성 미확인"
"joint_sum_odd_adjacent","합계 × 홀수 × 연속쌍","150-179|odd=5|adjacent=0","합계 150~179 / 홀수 5 / 연속쌍 0","true","121322","5","522","0.009578544061302681","0.014895163448765264","7.775275320255468","0.6430640452016454","0.00409812540244997","0.02222436893212836","0.018126243529678388","1","156","0.010652709929510836","8.780526144896091e-8","1.2277380399898834e-7","0.0011324653171247909","0.035412864435195084","0.03428039911807029","1242","실험 추정; 미래 우월성 미확인"
"joint_sum_odd_adjacent","합계 × 홀수 × 연속쌍","150-179|odd=5|adjacent=1","합계 150~179 / 홀수 5 / 연속쌍 1","true","69054","4","522","0.007662835249042145","0.008478022261346141","4.425527620422685","0.9038470309259886","0.0029838454428542643","0.01953522113521851","0.016551375692364246","2","156","0.010649267540929482","1.5421651954889626e-7","1.2277380399898834e-7","0.0035229170716722553","0.04553481099555255","0.04201189392388029","1242","실험 추정; 미래 우월성 미확인"
"joint_sum_odd_adjacent","합계 × 홀수 × 연속쌍","150-179|odd=5|adjacent=2","합계 150~179 / 홀수 5 / 연속쌍 2","true","6719","0","522","0","0.0008249171890692027","0.4306067726941238","0","0","0.007305355552050563","0.007305355552050563","0","156","0.0004124585945346014","6.138690199949418e-8","1.2277380399898834e-7","0","0.024032931437414938","0.02403293143741494","1242","실험 추정; 미래 우월성 미확인"
"joint_sum_odd_adjacent","합계 × 홀수 × 연속쌍","150-179|odd=5|adjacent=3","합계 150~179 / 홀수 5 / 연속쌍 3","false","0","0","522","0","0","0","","","","","0","156","0","","1.2277380399898834e-7","","","","1242","실험 추정; 미래 우월성 미확인"
"joint_sum_odd_adjacent","합계 × 홀수 × 연속쌍","150-179|odd=5|adjacent=4","합계 150~179 / 홀수 5 / 연속쌍 4","false","0","0","522","0","0","0","","","","","0","156","0","","1.2277380399898834e-7","","","","1242","실험 추정; 미래 우월성 미확인"
"joint_sum_odd_adjacent","합계 × 홀수 × 연속쌍","150-179|odd=5|adjacent=5","합계 150~179 / 홀수 5 / 연속쌍 5","false","0","0","522","0","0","0","","","","","0","156","0","","1.2277380399898834e-7","","","","1242","실험 추정; 미래 우월성 미확인"
"joint_sum_odd_adjacent","합계 × 홀수 × 연속쌍","150-179|odd=6|adjacent=0","합계 150~179 / 홀수 6 / 연속쌍 0","true","27893","1","522","0.0019157088122605363","0.003424529714943782","1.7876045112006542","0.5594078520915929","0.0003382497261719287","0.010770533582384188","0.01043228385621226","0","156","0.0017122648574718908","6.138690199949417e-8","1.2277380399898834e-7","0","0.024032931437414938","0.02403293143741494","1242","실험 추정; 미래 우월성 미확인"
"joint_sum_odd_adjacent","합계 × 홀수 × 연속쌍","150-179|odd=6|adjacent=1","합계 150~179 / 홀수 6 / 연속쌍 1","false","0","0","522","0","0","0","","","","","0","156","0","","1.2277380399898834e-7","","","","1242","실험 추정; 미래 우월성 미확인"
"joint_sum_odd_adjacent","합계 × 홀수 × 연속쌍","150-179|odd=6|adjacent=2","합계 150~179 / 홀수 6 / 연속쌍 2","false","0","0","522","0","0","0","","","","","0","156","0","","1.2277380399898834e-7","","","","1242","실험 추정; 미래 우월성 미확인"
"joint_sum_odd_adjacent","합계 × 홀수 × 연속쌍","150-179|odd=6|adjacent=3","합계 150~179 / 홀수 6 / 연속쌍 3","false","0","0","522","0","0","0","","","","","0","156","0","","1.2277380399898834e-7","","","","1242","실험 추정; 미래 우월성 미확인"
"joint_sum_odd_adjacent","합계 × 홀수 × 연속쌍","150-179|odd=6|adjacent=4","합계 150~179 / 홀수 6 / 연속쌍 4","false","0","0","522","0","0","0","","","","","0","156","0","","1.2277380399898834e-7","","","","1242","실험 추정; 미래 우월성 미확인"
"joint_sum_odd_adjacent","합계 × 홀수 × 연속쌍","150-179|odd=6|adjacent=5","합계 150~179 / 홀수 6 / 연속쌍 5","false","0","0","522","0","0","0","","","","","0","156","0","","1.2277380399898834e-7","","","","1242","실험 추정; 미래 우월성 미확인"
"joint_sum_odd_adjacent","합계 × 홀수 × 연속쌍","180-255|odd=0|adjacent=0","합계 180~255 / 홀수 0 / 연속쌍 0","true","4981","1","522","0.0019157088122605363","0.0006115363177189609","0.31922195784929763","3.13261658670765","0.0003382497261719287","0.010770533582384188","0.01043228385621226","1","156","0.003510896363987686","7.048577321798204e-7","1.2277380399898834e-7","0.0011324653171247909","0.035412864435195084","0.03428039911807029","1242","실험 추정; 미래 우월성 미확인"
"joint_sum_odd_adjacent","합계 × 홀수 × 연속쌍","180-255|odd=0|adjacent=1","합계 180~255 / 홀수 0 / 연속쌍 1","false","0","0","522","0","0","0","","","","","0","156","0","","1.2277380399898834e-7","","","","1242","실험 추정; 미래 우월성 미확인"
"joint_sum_odd_adjacent","합계 × 홀수 × 연속쌍","180-255|odd=0|adjacent=2","합계 180~255 / 홀수 0 / 연속쌍 2","false","0","0","522","0","0","0","","","","","0","156","0","","1.2277380399898834e-7","","","","1242","실험 추정; 미래 우월성 미확인"
"joint_sum_odd_adjacent","합계 × 홀수 × 연속쌍","180-255|odd=0|adjacent=3","합계 180~255 / 홀수 0 / 연속쌍 3","false","0","0","522","0","0","0","","","","","0","156","0","","1.2277380399898834e-7","","","","1242","실험 추정; 미래 우월성 미확인"
"joint_sum_odd_adjacent","합계 × 홀수 × 연속쌍","180-255|odd=0|adjacent=4","합계 180~255 / 홀수 0 / 연속쌍 4","false","0","0","522","0","0","0","","","","","0","156","0","","1.2277380399898834e-7","","","","1242","실험 추정; 미래 우월성 미확인"
"joint_sum_odd_adjacent","합계 × 홀수 × 연속쌍","180-255|odd=0|adjacent=5","합계 180~255 / 홀수 0 / 연속쌍 5","false","0","0","522","0","0","0","","","","","0","156","0","","1.2277380399898834e-7","","","","1242","실험 추정; 미래 우월성 미확인"
"joint_sum_odd_adjacent","합계 × 홀수 × 연속쌍","180-255|odd=1|adjacent=0","합계 180~255 / 홀수 1 / 연속쌍 0","true","20617","2","522","0.0038314176245210726","0.0025312275170471426","1.3213007638986085","1.5136599135073778","0.0010513424945747156","0.013860868570486955","0.012809526075912238","0","156","0.0012656137585235713","6.138690199949417e-8","1.2277380399898834e-7","0","0.024032931437414938","0.02403293143741494","1242","실험 추정; 미래 우월성 미확인"
"joint_sum_odd_adjacent","합계 × 홀수 × 연속쌍","180-255|odd=1|adjacent=1","합계 180~255 / 홀수 1 / 연속쌍 1","true","20330","1","522","0.0019157088122605363","0.002495991435299433","1.3029075292263042","0.7675141769990558","0.0003382497261719287","0.010770533582384188","0.01043228385621226","0","156","0.0012479957176497166","6.138690199949417e-8","1.2277380399898834e-7","0","0.024032931437414938","0.02403293143741494","1242","실험 추정; 미래 우월성 미확인"
"joint_sum_odd_adjacent","합계 × 홀수 × 연속쌍","180-255|odd=1|adjacent=2","합계 180~255 / 홀수 1 / 연속쌍 2","true","3790","0","522","0","0.00046531271715616584","0.24289323835551857","0","0","0.007305355552050563","0.007305355552050563","0","156","0.00023265635857808295","6.138690199949418e-8","1.2277380399898834e-7","0","0.024032931437414938","0.02403293143741494","1242","실험 추정; 미래 우월성 미확인"
"joint_sum_odd_adjacent","합계 × 홀수 × 연속쌍","180-255|odd=1|adjacent=3","합계 180~255 / 홀수 1 / 연속쌍 3","false","0","0","522","0","0","0","","","","","0","156","0","","1.2277380399898834e-7","","","","1242","실험 추정; 미래 우월성 미확인"
"joint_sum_odd_adjacent","합계 × 홀수 × 연속쌍","180-255|odd=1|adjacent=4","합계 180~255 / 홀수 1 / 연속쌍 4","false","0","0","522","0","0","0","","","","","0","156","0","","1.2277380399898834e-7","","","","1242","실험 추정; 미래 우월성 미확인"
"joint_sum_odd_adjacent","합계 × 홀수 × 연속쌍","180-255|odd=1|adjacent=5","합계 180~255 / 홀수 1 / 연속쌍 5","false","0","0","522","0","0","0","","","","","0","156","0","","1.2277380399898834e-7","","","","1242","실험 추정; 미래 우월성 미확인"
"joint_sum_odd_adjacent","합계 × 홀수 × 연속쌍","180-255|odd=2|adjacent=0","합계 180~255 / 홀수 2 / 연속쌍 0","true","48143","3","522","0.005747126436781609","0.005910699245923296","3.0853850063719603","0.9723259800006733","0.001956426716828272","0.016759212104738953","0.01480278538791068","0","156","0.002955349622961648","6.138690199949417e-8","1.2277380399898834e-7","0","0.024032931437414938","0.02403293143741494","1242","실험 추정; 미래 우월성 미확인"
"joint_sum_odd_adjacent","합계 × 홀수 × 연속쌍","180-255|odd=2|adjacent=1","합계 180~255 / 홀수 2 / 연속쌍 1","true","76133","9","522","0.017241379310344827","0.00934713801985498","4.8792060463643","1.8445623969305982","0.00909674645631465","0.032439458904285894","0.02334271244797124","0","156","0.00467356900992749","6.138690199949417e-8","1.2277380399898834e-7","0","0.024032931437414938","0.02403293143741494","1242","실험 추정; 미래 우월성 미확인"
"joint_sum_odd_adjacent","합계 × 홀수 × 연속쌍","180-255|odd=2|adjacent=2","합계 180~255 / 홀수 2 / 연속쌍 2","true","31596","2","522","0.0038314176245210726","0.003879161111152036","2.024922100021363","0.9876923166470948","0.0010513424945747156","0.013860868570486955","0.012809526075912238","0","156","0.0019395805555760177","6.138690199949417e-8","1.2277380399898834e-7","0","0.024032931437414938","0.02403293143741494","1242","실험 추정; 미래 우월성 미확인"
"joint_sum_odd_adjacent","합계 × 홀수 × 연속쌍","180-255|odd=2|adjacent=3","합계 180~255 / 홀수 2 / 연속쌍 3","true","4332","0","522","0","0.0005318561189236175","0.27762889407812835","0","0","0.007305355552050563","0.007305355552050563","0","156","0.00026592805946180876","6.138690199949417e-8","1.2277380399898834e-7","0","0.024032931437414938","0.02403293143741494","1242","실험 추정; 미래 우월성 미확인"
"joint_sum_odd_adjacent","합계 × 홀수 × 연속쌍","180-255|odd=2|adjacent=4","합계 180~255 / 홀수 2 / 연속쌍 4","true","152","0","522","0","0.00001866161820784623","0.009741364704495731","0","0","0.007305355552050563","0.007305355552050563","0","156","0.000009330809103923114","6.138690199949417e-8","1.2277380399898834e-7","0","0.024032931437414938","0.02403293143741494","1242","실험 추정; 미래 우월성 미확인"
"joint_sum_odd_adjacent","합계 × 홀수 × 연속쌍","180-255|odd=2|adjacent=5","합계 180~255 / 홀수 2 / 연속쌍 5","false","0","0","522","0","0","0","","","","","0","156","0","","1.2277380399898834e-7","","","","1242","실험 추정; 미래 우월성 미확인"
"joint_sum_odd_adjacent","합계 × 홀수 × 연속쌍","180-255|odd=3|adjacent=0","합계 180~255 / 홀수 3 / 연속쌍 0","true","59538","6","522","0.011494252873563218","0.007309706742491768","3.815666919580703","1.5724642969254061","0.005278273303937627","0.024847648787146258","0.01956937548320863","1","156","0.0068599815763740885","1.1522022198216414e-7","1.2277380399898834e-7","0.0011324653171247909","0.035412864435195084","0.03428039911807029","1242","실험 추정; 미래 우월성 미확인"
"joint_sum_odd_adjacent","합계 × 홀수 × 연속쌍","180-255|odd=3|adjacent=1","합계 180~255 / 홀수 3 / 연속쌍 1","true","107414","11","522","0.0210727969348659","0.013187625382747334","6.883940449794108","1.5979220157735385","0.011806681288622858","0.037336379584988796","0.025529698296365935","3","156","0.016209197306758284","1.5090395392368112e-7","1.2277380399898834e-7","0.00656140638822535","0.0550087199939044","0.04844731360567905","1242","실험 추정; 미래 우월성 미확인"
"joint_sum_odd_adjacent","합계 × 홀수 × 연속쌍","180-255|odd=3|adjacent=2","합계 180~255 / 홀수 3 / 연속쌍 2","true","53817","5","522","0.009578544061302681","0.006607317809813555","3.449019896722676","1.4496872009207875","0.00409812540244997","0.02222436893212836","0.018126243529678388","2","156","0.009713915315163187","1.8049901174653338e-7","1.2277380399898834e-7","0.0035229170716722553","0.04553481099555255","0.04201189392388029","1242","실험 추정; 미래 우월성 미확인"
"joint_sum_odd_adjacent","합계 × 홀수 × 연속쌍","180-255|odd=3|adjacent=3","합계 180~255 / 홀수 3 / 연속쌍 3","true","9926","0","522","0","0.0012186527784939583","0.6361367503738462","0","0","0.007305355552050563","0.007305355552050563","0","156","0.0006093263892469791","6.138690199949417e-8","1.2277380399898834e-7","0","0.024032931437414938","0.02403293143741494","1242","실험 추정; 미래 우월성 미확인"
"joint_sum_odd_adjacent","합계 × 홀수 × 연속쌍","180-255|odd=3|adjacent=4","합계 180~255 / 홀수 3 / 연속쌍 4","true","664","1","522","0.0019157088122605363","0.00008152180585532826","0.04255438265648135","23.499342196371693","0.0003382497261719287","0.010770533582384188","0.01043228385621226","1","156","0.0032458891080558694","0.000004888387210927514","1.2277380399898834e-7","0.0011324653171247909","0.035412864435195084","0.03428039911807029","1242","실험 추정; 미래 우월성 미확인"
"joint_sum_odd_adjacent","합계 × 홀수 × 연속쌍","180-255|odd=3|adjacent=5","합계 180~255 / 홀수 3 / 연속쌍 5","true","13","0","522","0","0.0000015960594519868485","0.000833143033937135","0","0","0.007305355552050563","0.007305355552050563","0","156","7.980297259934242e-7","6.138690199949417e-8","1.2277380399898834e-7","0","0.024032931437414938","0.02403293143741494","1242","실험 추정; 미래 우월성 미확인"
"joint_sum_odd_adjacent","합계 × 홀수 × 연속쌍","180-255|odd=4|adjacent=0","합계 180~255 / 홀수 4 / 연속쌍 0","true","56650","4","522","0.007662835249042145","0.00695513599654269","3.630580990195284","1.1017520366030575","0.0029838454428542643","0.01953522113521851","0.016551375692364246","0","156","0.003477567998271345","6.138690199949417e-8","1.2277380399898834e-7","0","0.024032931437414938","0.02403293143741494","1242","실험 추정; 미래 우월성 미확인"
"joint_sum_odd_adjacent","합계 × 홀수 × 연속쌍","180-255|odd=4|adjacent=1","합계 180~255 / 홀수 4 / 연속쌍 1","true","86359","6","522","0.011494252873563218","0.010602622939548634","5.534569174444387","1.0840952223896159","0.005278273303937627","0.024847648787146258","0.01956937548320863","2","156","0.011711567880030728","1.356149084638628e-7","1.2277380399898834e-7","0.0035229170716722553","0.04553481099555255","0.04201189392388029","1242","실험 추정; 미래 우월성 미확인"
"joint_sum_odd_adjacent","합계 × 홀수 × 연속쌍","180-255|odd=4|adjacent=2","합계 180~255 / 홀수 4 / 연속쌍 2","true","35832","0","522","0","0.00439923094489175","2.2963985532334936","0","0","0.007305355552050563","0.007305355552050563","0","156","0.002199615472445875","6.138690199949417e-8","1.2277380399898834e-7","0","0.024032931437414938","0.02403293143741494","1242","실험 추정; 미래 우월성 미확인"
"joint_sum_odd_adjacent","합계 × 홀수 × 연속쌍","180-255|odd=4|adjacent=3","합계 180~255 / 홀수 4 / 연속쌍 3","true","4933","0","522","0","0.0006056431751270095","0.3161457374162989","0","0","0.007305355552050563","0.007305355552050563","0","156","0.00030282158756350473","6.138690199949417e-8","1.2277380399898834e-7","0","0.024032931437414938","0.02403293143741494","1242","실험 추정; 미래 우월성 미확인"
"joint_sum_odd_adjacent","합계 × 홀수 × 연속쌍","180-255|odd=4|adjacent=4","합계 180~255 / 홀수 4 / 연속쌍 4","true","175","0","522","0","0.00002148541569982296","0.011215386995307585","0","0","0.007305355552050563","0.007305355552050563","0","156","0.00001074270784991148","6.138690199949417e-8","1.2277380399898834e-7","0","0.024032931437414938","0.02403293143741494","1242","실험 추정; 미래 우월성 미확인"
"joint_sum_odd_adjacent","합계 × 홀수 × 연속쌍","180-255|odd=4|adjacent=5","합계 180~255 / 홀수 4 / 연속쌍 5","false","0","0","522","0","0","0","","","","","0","156","0","","1.2277380399898834e-7","","","","1242","실험 추정; 미래 우월성 미확인"
"joint_sum_odd_adjacent","합계 × 홀수 × 연속쌍","180-255|odd=5|adjacent=0","합계 180~255 / 홀수 5 / 연속쌍 0","true","28410","2","522","0.0038314176245210726","0.0034880037716112588","1.820737968781077","1.098455699992313","0.0010513424945747156","0.013860868570486955","0.012809526075912238","0","156","0.0017440018858056294","6.138690199949417e-8","1.2277380399898834e-7","0","0.024032931437414938","0.02403293143741494","1242","실험 추정; 미래 우월성 미확인"
"joint_sum_odd_adjacent","합계 × 홀수 × 연속쌍","180-255|odd=5|adjacent=1","합계 180~255 / 홀수 5 / 연속쌍 1","true","26142","2","522","0.0038314176245210726","0.0032095527841415534","1.6753865533218908","1.1937543583804455","0.0010513424945747156","0.013860868570486955","0.012809526075912238","0","156","0.0016047763920707765","6.138690199949417e-8","1.2277380399898834e-7","0","0.024032931437414938","0.02403293143741494","1242","실험 추정; 미래 우월성 미확인"
"joint_sum_odd_adjacent","합계 × 홀수 × 연속쌍","180-255|odd=5|adjacent=2","합계 180~255 / 홀수 5 / 연속쌍 2","true","5052","0","522","0","0.0006202532578028891","0.3237722005731081","0","0","0.007305355552050563","0.007305355552050563","0","156","0.00031012662890144457","6.138690199949417e-8","1.2277380399898834e-7","0","0.024032931437414938","0.02403293143741494","1242","실험 추정; 미래 우월성 미확인"
"joint_sum_odd_adjacent","합계 × 홀수 × 연속쌍","180-255|odd=5|adjacent=3","합계 180~255 / 홀수 5 / 연속쌍 3","false","0","0","522","0","0","0","","","","","0","156","0","","1.2277380399898834e-7","","","","1242","실험 추정; 미래 우월성 미확인"
"joint_sum_odd_adjacent","합계 × 홀수 × 연속쌍","180-255|odd=5|adjacent=4","합계 180~255 / 홀수 5 / 연속쌍 4","false","0","0","522","0","0","0","","","","","0","156","0","","1.2277380399898834e-7","","","","1242","실험 추정; 미래 우월성 미확인"
"joint_sum_odd_adjacent","합계 × 홀수 × 연속쌍","180-255|odd=5|adjacent=5","합계 180~255 / 홀수 5 / 연속쌍 5","false","0","0","522","0","0","0","","","","","0","156","0","","1.2277380399898834e-7","","","","1242","실험 추정; 미래 우월성 미확인"
"joint_sum_odd_adjacent","합계 × 홀수 × 연속쌍","180-255|odd=6|adjacent=0","합계 180~255 / 홀수 6 / 연속쌍 0","true","7828","0","522","0","0.0009610733377040807","0.5016802822815302","0","0","0.007305355552050563","0.007305355552050563","0","156","0.0004805366688520403","6.138690199949417e-8","1.2277380399898834e-7","0","0.024032931437414938","0.02403293143741494","1242","실험 추정; 미래 우월성 미확인"
"joint_sum_odd_adjacent","합계 × 홀수 × 연속쌍","180-255|odd=6|adjacent=1","합계 180~255 / 홀수 6 / 연속쌍 1","false","0","0","522","0","0","0","","","","","0","156","0","","1.2277380399898834e-7","","","","1242","실험 추정; 미래 우월성 미확인"
"joint_sum_odd_adjacent","합계 × 홀수 × 연속쌍","180-255|odd=6|adjacent=2","합계 180~255 / 홀수 6 / 연속쌍 2","false","0","0","522","0","0","0","","","","","0","156","0","","1.2277380399898834e-7","","","","1242","실험 추정; 미래 우월성 미확인"
"joint_sum_odd_adjacent","합계 × 홀수 × 연속쌍","180-255|odd=6|adjacent=3","합계 180~255 / 홀수 6 / 연속쌍 3","false","0","0","522","0","0","0","","","","","0","156","0","","1.2277380399898834e-7","","","","1242","실험 추정; 미래 우월성 미확인"
"joint_sum_odd_adjacent","합계 × 홀수 × 연속쌍","180-255|odd=6|adjacent=4","합계 180~255 / 홀수 6 / 연속쌍 4","false","0","0","522","0","0","0","","","","","0","156","0","","1.2277380399898834e-7","","","","1242","실험 추정; 미래 우월성 미확인"
"joint_sum_odd_adjacent","합계 × 홀수 × 연속쌍","180-255|odd=6|adjacent=5","합계 180~255 / 홀수 6 / 연속쌍 5","false","0","0","522","0","0","0","","","","","0","156","0","","1.2277380399898834e-7","","","","1242","실험 추정; 미래 우월성 미확인"
"joint_sum_odd_low","합계 × 홀수 × 저번호","21-89|odd=0|low=0","합계 21~89 / 홀수 0 / 22이하 0","false","0","0","522","0","0","0","","","","","0","156","0","","1.2277380399898834e-7","","","","1242","실험 추정; 미래 우월성 미확인"
"joint_sum_odd_low","합계 × 홀수 × 저번호","21-89|odd=0|low=1","합계 21~89 / 홀수 0 / 22이하 1","false","0","0","522","0","0","0","","","","","0","156","0","","1.2277380399898834e-7","","","","1242","실험 추정; 미래 우월성 미확인"
"joint_sum_odd_low","합계 × 홀수 × 저번호","21-89|odd=0|low=2","합계 21~89 / 홀수 0 / 22이하 2","false","0","0","522","0","0","0","","","","","0","156","0","","1.2277380399898834e-7","","","","1242","실험 추정; 미래 우월성 미확인"
"joint_sum_odd_low","합계 × 홀수 × 저번호","21-89|odd=0|low=3","합계 21~89 / 홀수 0 / 22이하 3","false","0","0","522","0","0","0","","","","","0","156","0","","1.2277380399898834e-7","","","","1242","실험 추정; 미래 우월성 미확인"
"joint_sum_odd_low","합계 × 홀수 × 저번호","21-89|odd=0|low=4","합계 21~89 / 홀수 0 / 22이하 4","true","399","0","522","0","0.00004898674779559635","0.025571082349301295","0","0","0.007305355552050563","0.007305355552050563","0","156","0.000024493373897798174","6.138690199949417e-8","1.2277380399898834e-7","0","0.024032931437414938","0.02403293143741494","1242","실험 추정; 미래 우월성 미확인"
"joint_sum_odd_low","합계 × 홀수 × 저번호","21-89|odd=0|low=5","합계 21~89 / 홀수 0 / 22이하 5","true","1783","0","522","0","0.00021890569253019623","0.11426877150076244","0","0","0.007305355552050563","0.007305355552050563","0","156","0.00010945284626509811","6.138690199949417e-8","1.2277380399898834e-7","0","0.024032931437414938","0.02403293143741494","1242","실험 추정; 미래 우월성 미확인"
"joint_sum_odd_low","합계 × 홀수 × 저번호","21-89|odd=0|low=6","합계 21~89 / 홀수 0 / 22이하 6","true","433","0","522","0","0.000053161057131561954","0.02775007182267534","0","0","0.007305355552050563","0.007305355552050563","0","156","0.000026580528565780977","6.138690199949417e-8","1.2277380399898834e-7","0","0.024032931437414938","0.02403293143741494","1242","실험 추정; 미래 우월성 미확인"
"joint_sum_odd_low","합계 × 홀수 × 저번호","21-89|odd=1|low=0","합계 21~89 / 홀수 1 / 22이하 0","false","0","0","522","0","0","0","","","","","0","156","0","","1.2277380399898834e-7","","","","1242","실험 추정; 미래 우월성 미확인"
"joint_sum_odd_low","합계 × 홀수 × 저번호","21-89|odd=1|low=1","합계 21~89 / 홀수 1 / 22이하 1","false","0","0","522","0","0","0","","","","","0","156","0","","1.2277380399898834e-7","","","","1242","실험 추정; 미래 우월성 미확인"
"joint_sum_odd_low","합계 × 홀수 × 저번호","21-89|odd=1|low=2","합계 21~89 / 홀수 1 / 22이하 2","false","0","0","522","0","0","0","","","","","0","156","0","","1.2277380399898834e-7","","","","1242","실험 추정; 미래 우월성 미확인"
"joint_sum_odd_low","합계 × 홀수 × 저번호","21-89|odd=1|low=3","합계 21~89 / 홀수 1 / 22이하 3","true","24","0","522","0","0.00000294657129597572","0.001538110216499326","0","0","0.007305355552050563","0.007305355552050563","0","156","0.00000147328564798786","6.138690199949417e-8","1.2277380399898834e-7","0","0.024032931437414938","0.02403293143741494","1242","실험 추정; 미래 우월성 미확인"
"joint_sum_odd_low","합계 × 홀수 × 저번호","21-89|odd=1|low=4","합계 21~89 / 홀수 1 / 22이하 4","true","5537","0","522","0","0.0006797985527423984","0.354854844531532","0","0","0.007305355552050563","0.007305355552050563","0","156","0.0003398992763711992","6.138690199949417e-8","1.2277380399898834e-7","0","0.024032931437414938","0.02403293143741494","1242","실험 추정; 미래 우월성 미확인"
"joint_sum_odd_low","합계 × 홀수 × 저번호","21-89|odd=1|low=5","합계 21~89 / 홀수 1 / 22이하 5","true","18759","1","522","0.0019157088122605363","0.0023031137892170223","1.2022253979712856","0.8317907787403809","0.0003382497261719287","0.010770533582384188","0.01043228385621226","1","156","0.004356685099736716","2.3224506102333368e-7","1.2277380399898834e-7","0.0011324653171247909","0.035412864435195084","0.03428039911807029","1242","실험 추정; 미래 우월성 미확인"
"joint_sum_odd_low","합계 × 홀수 × 저번호","21-89|odd=1|low=6","합계 21~89 / 홀수 1 / 22이하 6","true","4735","1","522","0.0019157088122605363","0.0005813339619352098","0.30345632813017953","3.2953670999769384","0.0003382497261719287","0.010770533582384188","0.01043228385621226","0","156","0.0002906669809676049","6.138690199949417e-8","1.2277380399898834e-7","0","0.024032931437414938","0.02403293143741494","1242","실험 추정; 미래 우월성 미확인"
"joint_sum_odd_low","합계 × 홀수 × 저번호","21-89|odd=2|low=0","합계 21~89 / 홀수 2 / 22이하 0","false","0","0","522","0","0","0","","","","","0","156","0","","1.2277380399898834e-7","","","","1242","실험 추정; 미래 우월성 미확인"
"joint_sum_odd_low","합계 × 홀수 × 저번호","21-89|odd=2|low=1","합계 21~89 / 홀수 2 / 22이하 1","false","0","0","522","0","0","0","","","","","0","156","0","","1.2277380399898834e-7","","","","1242","실험 추정; 미래 우월성 미확인"
"joint_sum_odd_low","합계 × 홀수 × 저번호","21-89|odd=2|low=2","합계 21~89 / 홀수 2 / 22이하 2","false","0","0","522","0","0","0","","","","","0","156","0","","1.2277380399898834e-7","","","","1242","실험 추정; 미래 우월성 미확인"
"joint_sum_odd_low","합계 × 홀수 × 저번호","21-89|odd=2|low=3","합계 21~89 / 홀수 2 / 22이하 3","true","127","0","522","0","0.00001559227310787152","0.008139166562308934","0","0","0.007305355552050563","0.007305355552050563","0","156","0.00000779613655393576","6.138690199949417e-8","1.2277380399898834e-7","0","0.024032931437414938","0.02403293143741494","1242","실험 추정; 미래 우월성 미확인"
"joint_sum_odd_low","합계 × 홀수 × 저번호","21-89|odd=2|low=4","합계 21~89 / 홀수 2 / 22이하 4","true","17804","1","522","0.0019157088122605363","0.0021858648063979884","1.14102142893975","0.8764077296332737","0.0003382497261719287","0.010770533582384188","0.01043228385621226","1","156","0.0042980606083272","2.4140982971956863e-7","1.2277380399898834e-7","0.0011324653171247909","0.035412864435195084","0.03428039911807029","1242","실험 추정; 미래 우월성 미확인"
"joint_sum_odd_low","합계 × 홀수 × 저번호","21-89|odd=2|low=5","합계 21~89 / 홀수 2 / 22이하 5","true","58961","0","522","0","0.0072388662575843515","3.7786881864590316","0","0","0.007305355552050563","0.007305355552050563","0","156","0.0036194331287921757","6.138690199949417e-8","1.2277380399898834e-7","0","0.024032931437414938","0.02403293143741494","1242","실험 추정; 미래 우월성 미확인"
"joint_sum_odd_low","합계 × 홀수 × 저번호","21-89|odd=2|low=6","합계 21~89 / 홀수 2 / 22이하 6","true","16647","0","522","0","0.002043815515171159","1.066871698919345","0","0","0.007305355552050563","0.007305355552050563","0","156","0.0010219077575855794","6.138690199949417e-8","1.2277380399898834e-7","0","0.024032931437414938","0.02403293143741494","1242","실험 추정; 미래 우월성 미확인"
"joint_sum_odd_low","합계 × 홀수 × 저번호","21-89|odd=3|low=0","합계 21~89 / 홀수 3 / 22이하 0","false","0","0","522","0","0","0","","","","","0","156","0","","1.2277380399898834e-7","","","","1242","실험 추정; 미래 우월성 미확인"
"joint_sum_odd_low","합계 × 홀수 × 저번호","21-89|odd=3|low=1","합계 21~89 / 홀수 3 / 22이하 1","false","0","0","522","0","0","0","","","","","0","156","0","","1.2277380399898834e-7","","","","1242","실험 추정; 미래 우월성 미확인"
"joint_sum_odd_low","합계 × 홀수 × 저번호","21-89|odd=3|low=2","합계 21~89 / 홀수 3 / 22이하 2","false","0","0","522","0","0","0","","","","","0","156","0","","1.2277380399898834e-7","","","","1242","실험 추정; 미래 우월성 미확인"
"joint_sum_odd_low","합계 × 홀수 × 저번호","21-89|odd=3|low=3","합계 21~89 / 홀수 3 / 22이하 3","true","428","0","522","0","0.00005254718811156701","0.02742963219423798","0","0","0.007305355552050563","0.007305355552050563","0","156","0.000026273594055783505","6.138690199949417e-8","1.2277380399898834e-7","0","0.024032931437414938","0.02403293143741494","1242","실험 추정; 미래 우월성 미확인"
"joint_sum_odd_low","합계 × 홀수 × 저번호","21-89|odd=3|low=4","합계 21~89 / 홀수 3 / 22이하 4","true","34499","3","522","0.005747126436781609","0.004235573464161099","2.2109693482920934","1.3568709137996005","0.001956426716828272","0.016759212104738953","0.01480278538791068","1","156","0.005322914937208754","1.5429186171218743e-7","1.2277380399898834e-7","0.0011324653171247909","0.035412864435195084","0.03428039911807029","1242","실험 추정; 미래 우월성 미확인"
"joint_sum_odd_low","합계 × 홀수 × 저번호","21-89|odd=3|low=5","합계 21~89 / 홀수 3 / 22이하 5","true","95935","6","522","0.011494252873563218","0.011778304886642946","6.148275150827618","0.9758834555724691","0.005278273303937627","0.024847648787146258","0.01956937548320863","2","156","0.012299408853577883","1.2820564813235924e-7","1.2277380399898834e-7","0.0035229170716722553","0.04553481099555255","0.04201189392388029","1242","실험 추정; 미래 우월성 미확인"
"joint_sum_odd_low","합계 × 홀수 × 저번호","21-89|odd=3|low=6","합계 21~89 / 홀수 3 / 22이하 6","true","25426","2","522","0.0038314176245210726","0.0031216467404782777","1.629499598529661","1.2273706614009914","0.0010513424945747156","0.013860868570486955","0.012809526075912238","1","156","0.004765951575367344","1.8744401696559993e-7","1.2277380399898834e-7","0.0011324653171247909","0.035412864435195084","0.03428039911807029","1242","실험 추정; 미래 우월성 미확인"
"joint_sum_odd_low","합계 × 홀수 × 저번호","21-89|odd=4|low=0","합계 21~89 / 홀수 4 / 22이하 0","false","0","0","522","0","0","0","","","","","0","156","0","","1.2277380399898834e-7","","","","1242","실험 추정; 미래 우월성 미확인"
"joint_sum_odd_low","합계 × 홀수 × 저번호","21-89|odd=4|low=1","합계 21~89 / 홀수 4 / 22이하 1","false","0","0","522","0","0","0","","","","","0","156","0","","1.2277380399898834e-7","","","","1242","실험 추정; 미래 우월성 미확인"
"joint_sum_odd_low","합계 × 홀수 × 저번호","21-89|odd=4|low=2","합계 21~89 / 홀수 4 / 22이하 2","false","0","0","522","0","0","0","","","","","0","156","0","","1.2277380399898834e-7","","","","1242","실험 추정; 미래 우월성 미확인"
"joint_sum_odd_low","합계 × 홀수 × 저번호","21-89|odd=4|low=3","합계 21~89 / 홀수 4 / 22이하 3","true","269","0","522","0","0.00003302615327572786","0.017239652009929943","0","0","0.007305355552050563","0.007305355552050563","0","156","0.00001651307663786393","6.138690199949417e-8","1.2277380399898834e-7","0","0.024032931437414938","0.02403293143741494","1242","실험 추정; 미래 우월성 미확인"
"joint_sum_odd_low","합계 × 홀수 × 저번호","21-89|odd=4|low=4","합계 21~89 / 홀수 4 / 22이하 4","true","24012","1","522","0.0019157088122605363","0.0029480445816237083","1.5388792716075756","0.6498235556551225","0.0003382497261719287","0.010770533582384188","0.01043228385621226","0","156","0.0014740222908118542","6.138690199949417e-8","1.2277380399898834e-7","0","0.024032931437414938","0.02403293143741494","1242","실험 추정; 미래 우월성 미확인"
"joint_sum_odd_low","합계 × 홀수 × 저번호","21-89|odd=4|low=5","합계 21~89 / 홀수 4 / 22이하 5","true","67558","1","522","0.0019157088122605363","0.008294352650563655","4.329652083594228","0.23096544033853583","0.0003382497261719287","0.010770533582384188","0.01043228385621226","0","156","0.004147176325281827","6.138690199949417e-8","1.2277380399898834e-7","0","0.024032931437414938","0.02403293143741494","1242","실험 추정; 미래 우월성 미확인"
"joint_sum_odd_low","합계 × 홀수 × 저번호","21-89|odd=4|low=6","합계 21~89 / 홀수 4 / 22이하 6","true","17026","2","522","0.0038314176245210726","0.0020903467868867757","1.091161022754897","1.832910045623259","0.0010513424945747156","0.013860868570486955","0.012809526075912238","1","156","0.004250301598571593","2.4963594494135987e-7","1.2277380399898834e-7","0.0011324653171247909","0.035412864435195084","0.03428039911807029","1242","실험 추정; 미래 우월성 미확인"
"joint_sum_odd_low","합계 × 홀수 × 저번호","21-89|odd=5|low=0","합계 21~89 / 홀수 5 / 22이하 0","false","0","0","522","0","0","0","","","","","0","156","0","","1.2277380399898834e-7","","","","1242","실험 추정; 미래 우월성 미확인"
"joint_sum_odd_low","합계 × 홀수 × 저번호","21-89|odd=5|low=1","합계 21~89 / 홀수 5 / 22이하 1","false","0","0","522","0","0","0","","","","","0","156","0","","1.2277380399898834e-7","","","","1242","실험 추정; 미래 우월성 미확인"
"joint_sum_odd_low","합계 × 홀수 × 저번호","21-89|odd=5|low=2","합계 21~89 / 홀수 5 / 22이하 2","false","0","0","522","0","0","0","","","","","0","156","0","","1.2277380399898834e-7","","","","1242","실험 추정; 미래 우월성 미확인"
"joint_sum_odd_low","합계 × 홀수 × 저번호","21-89|odd=5|low=3","합계 21~89 / 홀수 5 / 22이하 3","true","124","0","522","0","0.000015223951695874554","0.007946902785246518","0","0","0.007305355552050563","0.007305355552050563","0","156","0.000007611975847937277","6.138690199949417e-8","1.2277380399898834e-7","0","0.024032931437414938","0.02403293143741494","1242","실험 추정; 미래 우월성 미확인"
"joint_sum_odd_low","합계 × 홀수 × 저번호","21-89|odd=5|low=4","합계 21~89 / 홀수 5 / 22이하 4","true","10157","1","522","0.0019157088122605363","0.0012470135272177247","0.6509410612076523","1.5362373947416366","0.0003382497261719287","0.010770533582384188","0.01043228385621226","1","156","0.003828634968737067","3.76945453257563e-7","1.2277380399898834e-7","0.0011324653171247909","0.035412864435195084","0.03428039911807029","1242","실험 추정; 미래 우월성 미확인"
"joint_sum_odd_low","합계 × 홀수 × 저번호","21-89|odd=5|low=5","합계 21~89 / 홀수 5 / 22이하 5","true","24476","2","522","0.0038314176245210726","0.0030050116266792386","1.5686160691265625","1.2750092513801932","0.0010513424945747156","0.013860868570486955","0.012809526075912238","1","156","0.004707634018467825","1.9233673878361761e-7","1.2277380399898834e-7","0.0011324653171247909","0.035412864435195084","0.03428039911807029","1242","실험 추정; 미래 우월성 미확인"
"joint_sum_odd_low","합계 × 홀수 × 저번호","21-89|odd=5|low=6","합계 21~89 / 홀수 5 / 22이하 6","true","4910","1","522","0.0019157088122605363","0.0006028193776350327","0.3146717151254871","3.177915115761875","0.0003382497261719287","0.010770533582384188","0.01043228385621226","0","156","0.00030140968881751636","6.138690199949417e-8","1.2277380399898834e-7","0","0.024032931437414938","0.02403293143741494","1242","실험 추정; 미래 우월성 미확인"
"joint_sum_odd_low","합계 × 홀수 × 저번호","21-89|odd=6|low=0","합계 21~89 / 홀수 6 / 22이하 0","false","0","0","522","0","0","0","","","","","0","156","0","","1.2277380399898834e-7","","","","1242","실험 추정; 미래 우월성 미확인"
"joint_sum_odd_low","합계 × 홀수 × 저번호","21-89|odd=6|low=1","합계 21~89 / 홀수 6 / 22이하 1","false","0","0","522","0","0","0","","","","","0","156","0","","1.2277380399898834e-7","","","","1242","실험 추정; 미래 우월성 미확인"
"joint_sum_odd_low","합계 × 홀수 × 저번호","21-89|odd=6|low=2","합계 21~89 / 홀수 6 / 22이하 2","false","0","0","522","0","0","0","","","","","0","156","0","","1.2277380399898834e-7","","","","1242","실험 추정; 미래 우월성 미확인"
"joint_sum_odd_low","합계 × 홀수 × 저번호","21-89|odd=6|low=3","합계 21~89 / 홀수 6 / 22이하 3","true","8","0","522","0","9.821904319919067e-7","0.0005127034054997753","0","0","0.007305355552050563","0.007305355552050563","0","156","4.910952159959534e-7","6.138690199949417e-8","1.2277380399898834e-7","0","0.024032931437414938","0.02403293143741494","1242","실험 추정; 미래 우월성 미확인"
"joint_sum_odd_low","합계 × 홀수 × 저번호","21-89|odd=6|low=4","합계 21~89 / 홀수 6 / 22이하 4","true","1131","0","522","0","0.00013885717232285582","0.07248344395253073","0","0","0.007305355552050563","0.007305355552050563","0","156","0.00006942858616142791","6.138690199949417e-8","1.2277380399898834e-7","0","0.024032931437414938","0.02403293143741494","1242","실험 추정; 미래 우월성 미확인"
"joint_sum_odd_low","합계 × 홀수 × 저번호","21-89|odd=6|low=5","합계 21~89 / 홀수 6 / 22이하 5","true","2772","0","522","0","0.00034032898468519567","0.17765173000567214","0","0","0.007305355552050563","0.007305355552050563","0","156","0.00017016449234259784","6.138690199949417e-8","1.2277380399898834e-7","0","0.024032931437414938","0.02403293143741494","1242","실험 추정; 미래 우월성 미확인"
"joint_sum_odd_low","합계 × 홀수 × 저번호","21-89|odd=6|low=6","합계 21~89 / 홀수 6 / 22이하 6","true","455","0","522","0","0.000055862080819539695","0.02916000618779972","0","0","0.007305355552050563","0.007305355552050563","0","156","0.000027931040409769844","6.138690199949416e-8","1.2277380399898834e-7","0","0.024032931437414938","0.02403293143741494","1242","실험 추정; 미래 우월성 미확인"
"joint_sum_odd_low","합계 × 홀수 × 저번호","90-119|odd=0|low=0","합계 90~119 / 홀수 0 / 22이하 0","false","0","0","522","0","0","0","","","","","0","156","0","","1.2277380399898834e-7","","","","1242","실험 추정; 미래 우월성 미확인"
"joint_sum_odd_low","합계 × 홀수 × 저번호","90-119|odd=0|low=1","합계 90~119 / 홀수 0 / 22이하 1","false","0","0","522","0","0","0","","","","","0","156","0","","1.2277380399898834e-7","","","","1242","실험 추정; 미래 우월성 미확인"
"joint_sum_odd_low","합계 × 홀수 × 저번호","90-119|odd=0|low=2","합계 90~119 / 홀수 0 / 22이하 2","true","8","0","522","0","9.821904319919067e-7","0.0005127034054997753","0","0","0.007305355552050563","0.007305355552050563","0","156","4.910952159959534e-7","6.138690199949417e-8","1.2277380399898834e-7","0","0.024032931437414938","0.02403293143741494","1242","실험 추정; 미래 우월성 미확인"
"joint_sum_odd_low","합계 × 홀수 × 저번호","90-119|odd=0|low=3","합계 90~119 / 홀수 0 / 22이하 3","true","2381","1","522","0.0019157088122605363","0.00029232442732159125","0.15259335106187064","6.553365484414449","0.0003382497261719287","0.010770533582384188","0.01043228385621226","0","156","0.00014616221366079563","6.138690199949417e-8","1.2277380399898834e-7","0","0.024032931437414938","0.02403293143741494","1242","실험 추정; 미래 우월성 미확인"
"joint_sum_odd_low","합계 × 홀수 × 저번호","90-119|odd=0|low=4","합계 90~119 / 홀수 0 / 22이하 4","true","10221","1","522","0.0019157088122605363","0.0012548710506736598","0.6550426884516504","1.526618062654418","0.0003382497261719287","0.010770533582384188","0.01043228385621226","0","156","0.0006274355253368299","6.138690199949417e-8","1.2277380399898834e-7","0","0.024032931437414938","0.02403293143741494","1242","실험 추정; 미래 우월성 미확인"
"joint_sum_odd_low","합계 × 홀수 × 저번호","90-119|odd=0|low=5","합계 90~119 / 홀수 0 / 22이하 5","true","3184","1","522","0.0019157088122605363","0.0003909117919327789","0.20405595538891058","4.900616588690579","0.0003382497261719287","0.010770533582384188","0.01043228385621226","0","156","0.00019545589596638944","6.138690199949417e-8","1.2277380399898834e-7","0","0.024032931437414938","0.02403293143741494","1242","실험 추정; 미래 우월성 미확인"
"joint_sum_odd_low","합계 × 홀수 × 저번호","90-119|odd=0|low=6","합계 90~119 / 홀수 0 / 22이하 6","true","29","0","522","0","0.000003560440315970662","0.0018585498449366856","0","0","0.007305355552050563","0.007305355552050563","0","156","0.000001780220157985331","6.138690199949417e-8","1.2277380399898834e-7","0","0.024032931437414938","0.02403293143741494","1242","실험 추정; 미래 우월성 미확인"
"joint_sum_odd_low","합계 × 홀수 × 저번호","90-119|odd=1|low=0","합계 90~119 / 홀수 1 / 22이하 0","false","0","0","522","0","0","0","","","","","0","156","0","","1.2277380399898834e-7","","","","1242","실험 추정; 미래 우월성 미확인"
"joint_sum_odd_low","합계 × 홀수 × 저번호","90-119|odd=1|low=1","합계 90~119 / 홀수 1 / 22이하 1","false","0","0","522","0","0","0","","","","","0","156","0","","1.2277380399898834e-7","","","","1242","실험 추정; 미래 우월성 미확인"
"joint_sum_odd_low","합계 × 홀수 × 저번호","90-119|odd=1|low=2","합계 90~119 / 홀수 1 / 22이하 2","true","268","0","522","0","0.000032903379471728874","0.01717556408424247","0","0","0.007305355552050563","0.007305355552050563","0","156","0.000016451689735864437","6.138690199949417e-8","1.2277380399898834e-7","0","0.024032931437414938","0.02403293143741494","1242","실험 추정; 미래 우월성 미확인"
"joint_sum_odd_low","합계 × 홀수 × 저번호","90-119|odd=1|low=3","합계 90~119 / 홀수 1 / 22이하 3","true","24579","0","522","0","0.0030176573284911344","1.5752171254723721","0","0","0.007305355552050563","0.007305355552050563","0","156","0.0015088286642455672","6.138690199949417e-8","1.2277380399898834e-7","0","0.024032931437414938","0.02403293143741494","1242","실험 추정; 미래 우월성 미확인"
"joint_sum_odd_low","합계 × 홀수 × 저번호","90-119|odd=1|low=4","합계 90~119 / 홀수 1 / 22이하 4","true","84077","11","522","0.0210727969348659","0.010322453118822943","5.388320528025576","2.041452423401154","0.011806681288622858","0.037336379584988796","0.025529698296365935","1","156","0.008366354764539678","9.950824559082362e-8","1.2277380399898834e-7","0.0011324653171247909","0.035412864435195084","0.03428039911807029","1242","실험 추정; 미래 우월성 미확인"
"joint_sum_odd_low","합계 × 홀수 × 저번호","90-119|odd=1|low=5","합계 90~119 / 홀수 1 / 22이하 5","true","25619","1","522","0.0019157088122605363","0.0031453420846500823","1.6418685681873428","0.6090621499040089","0.0003382497261719287","0.010770533582384188","0.01043228385621226","0","156","0.0015726710423250411","6.138690199949417e-8","1.2277380399898834e-7","0","0.024032931437414938","0.02403293143741494","1242","실험 추정; 미래 우월성 미확인"
"joint_sum_odd_low","합계 × 홀수 × 저번호","90-119|odd=1|low=6","합계 90~119 / 홀수 1 / 22이하 6","true","347","0","522","0","0.00004260250998764896","0.022238510213552755","0","0","0.007305355552050563","0.007305355552050563","0","156","0.00002130125499382448","6.138690199949417e-8","1.2277380399898834e-7","0","0.024032931437414938","0.02403293143741494","1242","실험 추정; 미래 우월성 미확인"
"joint_sum_odd_low","합계 × 홀수 × 저번호","90-119|odd=2|low=0","합계 90~119 / 홀수 2 / 22이하 0","false","0","0","522","0","0","0","","","","","0","156","0","","1.2277380399898834e-7","","","","1242","실험 추정; 미래 우월성 미확인"
"joint_sum_odd_low","합계 × 홀수 × 저번호","90-119|odd=2|low=1","합계 90~119 / 홀수 2 / 22이하 1","false","0","0","522","0","0","0","","","","","0","156","0","","1.2277380399898834e-7","","","","1242","실험 추정; 미래 우월성 미확인"
"joint_sum_odd_low","합계 × 홀수 × 저번호","90-119|odd=2|low=2","합계 90~119 / 홀수 2 / 22이하 2","true","1052","0","522","0","0.00012915804180693575","0.06742049782322046","0","0","0.007305355552050563","0.007305355552050563","0","156","0.00006457902090346787","6.138690199949417e-8","1.2277380399898834e-7","0","0.024032931437414938","0.02403293143741494","1242","실험 추정; 미래 우월성 미확인"
"joint_sum_odd_low","합계 × 홀수 × 저번호","90-119|odd=2|low=3","합계 90~119 / 홀수 2 / 22이하 3","true","73287","4","522","0.007662835249042145","0.008997723773673858","4.6968118098577545","0.8516415308794631","0.0029838454428542643","0.01953522113521851","0.016551375692364246","0","156","0.004498861886836929","6.138690199949417e-8","1.2277380399898834e-7","0","0.024032931437414938","0.02403293143741494","1242","실험 추정; 미래 우월성 미확인"
"joint_sum_odd_low","합계 × 홀수 × 저번호","90-119|odd=2|low=4","합계 90~119 / 홀수 2 / 22이하 4","true","244081","17","522","0.032567049808429116","0.029966752853877072","15.642644989723832","1.0867727300062016","0.020431047246400574","0.05153258016624439","0.031101532919843817","7","156","0.03741927386283597","1.533067869389095e-7","1.2277380399898834e-7","0.0219033374935471","0.08971638214820239","0.06781304465465529","1242","실험 추정; 미래 우월성 미확인"
"joint_sum_odd_low","합계 × 홀수 × 저번호","90-119|odd=2|low=5","합계 90~119 / 홀수 2 / 22이하 5","true","80041","4","522","0.007662835249042145","0.009826938045883027","5.12966165995094","0.7797785244257719","0.0029838454428542643","0.01953522113521851","0.016551375692364246","0","156","0.0049134690229415134","6.138690199949418e-8","1.2277380399898834e-7","0","0.024032931437414938","0.02403293143741494","1242","실험 추정; 미래 우월성 미확인"
"joint_sum_odd_low","합계 × 홀수 × 저번호","90-119|odd=2|low=6","합계 90~119 / 홀수 2 / 22이하 6","true","1503","0","522","0","0.0001845290274104795","0.0963241523082703","0","0","0.007305355552050563","0.007305355552050563","0","156","0.00009226451370523975","6.138690199949417e-8","1.2277380399898834e-7","0","0.024032931437414938","0.02403293143741494","1242","실험 추정; 미래 우월성 미확인"
"joint_sum_odd_low","합계 × 홀수 × 저번호","90-119|odd=3|low=0","합계 90~119 / 홀수 3 / 22이하 0","false","0","0","522","0","0","0","","","","","0","156","0","","1.2277380399898834e-7","","","","1242","실험 추정; 미래 우월성 미확인"
"joint_sum_odd_low","합계 × 홀수 × 저번호","90-119|odd=3|low=1","합계 90~119 / 홀수 3 / 22이하 1","false","0","0","522","0","0","0","","","","","0","156","0","","1.2277380399898834e-7","","","","1242","실험 추정; 미래 우월성 미확인"
"joint_sum_odd_low","합계 × 홀수 × 저번호","90-119|odd=3|low=2","합계 90~119 / 홀수 3 / 22이하 2","true","2658","0","522","0","0.000326332771029311","0.17034570647730035","0","0","0.007305355552050563","0.007305355552050563","0","156","0.0001631663855146555","6.138690199949417e-8","1.2277380399898834e-7","0","0.024032931437414938","0.02403293143741494","1242","실험 추정; 미래 우월성 미확인"
"joint_sum_odd_low","합계 × 홀수 × 저번호","90-119|odd=3|low=3","합계 90~119 / 홀수 3 / 22이하 3","true","128946","7","522","0.013409961685823755","0.01583119093045355","8.263881665696752","0.8470595639161792","0.006510641082418169","0.027418708765171267","0.020908067682753096","1","156","0.01112072367035498","8.624326206594219e-8","1.2277380399898834e-7","0.0011324653171247909","0.035412864435195084","0.03428039911807029","1242","실험 추정; 미래 우월성 미확인"
"joint_sum_odd_low","합계 × 홀수 × 저번호","90-119|odd=3|low=4","합계 90~119 / 홀수 3 / 22이하 4","true","368221","21","522","0.040229885057471264","0.04520789288231149","23.598520084566598","0.8898863117155373","0.026461155129658156","0.06071618330900902","0.03425502817935087","5","156","0.03862958746679677","1.0490870283551663e-7","1.2277380399898834e-7","0.013766559825891925","0.07282836318604768","0.059061803360155755","1242","실험 추정; 미래 우월성 미확인"
"joint_sum_odd_low","합계 × 홀수 × 저번호","90-119|odd=3|low=5","합계 90~119 / 홀수 3 / 22이하 5","true","107715","6","522","0.011494252873563218","0.01322458029775103","6.903230915426038","0.8691582352536306","0.005278273303937627","0.024847648787146258","0.01956937548320863","0","156","0.006612290148875515","6.138690199949417e-8","1.2277380399898834e-7","0","0.024032931437414938","0.02403293143741494","1242","실험 추정; 미래 우월성 미확인"
"joint_sum_odd_low","합계 × 홀수 × 저번호","90-119|odd=3|low=6","합계 90~119 / 홀수 3 / 22이하 6","true","1799","0","522","0","0.00022087007339418002","0.11529417831176197","0","0","0.007305355552050563","0.007305355552050563","0","156","0.00011043503669709002","6.138690199949417e-8","1.2277380399898834e-7","0","0.024032931437414938","0.02403293143741494","1242","실험 추정; 미래 우월성 미확인"
"joint_sum_odd_low","합계 × 홀수 × 저번호","90-119|odd=4|low=0","합계 90~119 / 홀수 4 / 22이하 0","false","0","0","522","0","0","0","","","","","0","156","0","","1.2277380399898834e-7","","","","1242","실험 추정; 미래 우월성 미확인"
"joint_sum_odd_low","합계 × 홀수 × 저번호","90-119|odd=4|low=1","합계 90~119 / 홀수 4 / 22이하 1","false","0","0","522","0","0","0","","","","","0","156","0","","1.2277380399898834e-7","","","","1242","실험 추정; 미래 우월성 미확인"
"joint_sum_odd_low","합계 × 홀수 × 저번호","90-119|odd=4|low=2","합계 90~119 / 홀수 4 / 22이하 2","true","1749","0","522","0","0.00021473138319423062","0.11208978202738838","0","0","0.007305355552050563","0.007305355552050563","0","156","0.00010736569159711531","6.138690199949417e-8","1.2277380399898834e-7","0","0.024032931437414938","0.02403293143741494","1242","실험 추정; 미래 우월성 미확인"
"joint_sum_odd_low","합계 × 홀수 × 저번호","90-119|odd=4|low=3","합계 90~119 / 홀수 4 / 22이하 3","true","92473","6","522","0.011494252873563218","0.011353261977198449","5.92640275209759","1.012418536333252","0.005278273303937627","0.024847648787146258","0.01956937548320863","3","156","0.015292015603983841","1.653673570013284e-7","1.2277380399898834e-7","0.00656140638822535","0.0550087199939044","0.04844731360567905","1242","실험 추정; 미래 우월성 미확인"
"joint_sum_odd_low","합계 × 홀수 × 저번호","90-119|odd=4|low=4","합계 90~119 / 홀수 4 / 22이하 4","true","269740","15","522","0.028735632183908046","0.03311700589068712","17.287077074938676","0.8677001863863796","0.017490150369332814","0.04686662153030105","0.029376471160968233","5","156","0.03258414397098459","1.2079833903382735e-7","1.2277380399898834e-7","0.013766559825891925","0.07282836318604768","0.059061803360155755","1242","실험 추정; 미래 우월성 미확인"
"joint_sum_odd_low","합계 × 홀수 × 저번호","90-119|odd=4|low=5","합계 90~119 / 홀수 4 / 22이하 5","true","77624","11","522","0.0210727969348659","0.009530193761617472","4.97476114356432","2.2111614372139914","0.011806681288622858","0.037336379584988796","0.025529698296365935","3","156","0.014380481496193353","1.852581868519189e-7","1.2277380399898834e-7","0.00656140638822535","0.0550087199939044","0.04844731360567905","1242","실험 추정; 미래 우월성 미확인"
"joint_sum_odd_low","합계 × 홀수 × 저번호","90-119|odd=4|low=6","합계 90~119 / 홀수 4 / 22이하 6","true","1124","0","522","0","0.0001379977556948629","0.07203482847271843","0","0","0.007305355552050563","0.007305355552050563","0","156","0.00006899887784743144","6.138690199949417e-8","1.2277380399898834e-7","0","0.024032931437414938","0.02403293143741494","1242","실험 추정; 미래 우월성 미확인"
"joint_sum_odd_low","합계 × 홀수 × 저번호","90-119|odd=5|low=0","합계 90~119 / 홀수 5 / 22이하 0","false","0","0","522","0","0","0","","","","","0","156","0","","1.2277380399898834e-7","","","","1242","실험 추정; 미래 우월성 미확인"
"joint_sum_odd_low","합계 × 홀수 × 저번호","90-119|odd=5|low=1","합계 90~119 / 홀수 5 / 22이하 1","false","0","0","522","0","0","0","","","","","0","156","0","","1.2277380399898834e-7","","","","1242","실험 추정; 미래 우월성 미확인"
"joint_sum_odd_low","합계 × 홀수 × 저번호","90-119|odd=5|low=2","합계 90~119 / 홀수 5 / 22이하 2","true","769","0","522","0","0.00009441305527522204","0.049283614853665905","0","0","0.007305355552050563","0.007305355552050563","0","156","0.00004720652763761102","6.138690199949417e-8","1.2277380399898834e-7","0","0.024032931437414938","0.02403293143741494","1242","실험 추정; 미래 우월성 미확인"
"joint_sum_odd_low","합계 × 홀수 × 저번호","90-119|odd=5|low=3","합계 90~119 / 홀수 5 / 22이하 3","true","39144","1","522","0.0019157088122605363","0.0048058577837364","2.5086577631104006","0.3986195385854998","0.0003382497261719287","0.010770533582384188","0.01043228385621226","1","156","0.0056080570969964045","1.432673486868078e-7","1.2277380399898834e-7","0.0011324653171247909","0.035412864435195084","0.03428039911807029","1242","실험 추정; 미래 우월성 미확인"
"joint_sum_odd_low","합계 × 홀수 × 저번호","90-119|odd=5|low=4","합계 90~119 / 홀수 5 / 22이하 4","true","101751","5","522","0.009578544061302681","0.012492357330701063","6.521010526625955","0.7667523276621755","0.00409812540244997","0.02222436893212836","0.018126243529678388","2","156","0.012656435075606941","1.2438634584040393e-7","1.2277380399898834e-7","0.0035229170716722553","0.04553481099555255","0.04201189392388029","1242","실험 추정; 미래 우월성 미확인"
"joint_sum_odd_low","합계 × 홀수 × 저번호","90-119|odd=5|low=5","합계 90~119 / 홀수 5 / 22이하 5","true","23475","5","522","0.009578544061302681","0.0028821150488762513","1.5044640555134032","3.3234426450246652","0.00409812540244997","0.02222436893212836","0.018126243529678388","2","156","0.007851313934694536","3.344542677186171e-7","1.2277380399898834e-7","0.0035229170716722553","0.04553481099555255","0.04201189392388029","1242","실험 추정; 미래 우월성 미확인"
"joint_sum_odd_low","합계 × 홀수 × 저번호","90-119|odd=5|low=6","합계 90~119 / 홀수 5 / 22이하 6","true","172","0","522","0","0.000021117094287825995","0.01102312321824517","0","0","0.007305355552050563","0.007305355552050563","0","156","0.000010558547143912998","6.138690199949417e-8","1.2277380399898834e-7","0","0.024032931437414938","0.02403293143741494","1242","실험 추정; 미래 우월성 미확인"
"joint_sum_odd_low","합계 × 홀수 × 저번호","90-119|odd=6|low=0","합계 90~119 / 홀수 6 / 22이하 0","false","0","0","522","0","0","0","","","","","0","156","0","","1.2277380399898834e-7","","","","1242","실험 추정; 미래 우월성 미확인"
"joint_sum_odd_low","합계 × 홀수 × 저번호","90-119|odd=6|low=1","합계 90~119 / 홀수 6 / 22이하 1","false","0","0","522","0","0","0","","","","","0","156","0","","1.2277380399898834e-7","","","","1242","실험 추정; 미래 우월성 미확인"
"joint_sum_odd_low","합계 × 홀수 × 저번호","90-119|odd=6|low=2","합계 90~119 / 홀수 6 / 22이하 2","true","61","0","522","0","0.000007489202043938289","0.003909363466935787","0","0","0.007305355552050563","0.007305355552050563","0","156","0.000003744601021969145","6.138690199949418e-8","1.2277380399898834e-7","0","0.024032931437414938","0.02403293143741494","1242","실험 추정; 미래 우월성 미확인"
"joint_sum_odd_low","합계 × 홀수 × 저번호","90-119|odd=6|low=3","합계 90~119 / 홀수 6 / 22이하 3","true","5096","0","522","0","0.0006256553051788446","0.3265920693033569","0","0","0.007305355552050563","0.007305355552050563","0","156","0.0003128276525894223","6.138690199949417e-8","1.2277380399898834e-7","0","0.024032931437414938","0.02403293143741494","1242","실험 추정; 미래 우월성 미확인"
"joint_sum_odd_low","합계 × 홀수 × 저번호","90-119|odd=6|low=4","합계 90~119 / 홀수 6 / 22이하 4","true","13798","0","522","0","0.0016940329475780413","0.8842851986357375","0","0","0.007305355552050563","0.007305355552050563","0","156","0.0008470164737890206","6.138690199949417e-8","1.2277380399898834e-7","0","0.024032931437414938","0.02403293143741494","1242","실험 추정; 미래 우월성 미확인"
"joint_sum_odd_low","합계 × 홀수 × 저번호","90-119|odd=6|low=5","합계 90~119 / 홀수 6 / 22이하 5","true","2727","0","522","0","0.0003348041635052412","0.17476777334973592","0","0","0.007305355552050563","0.007305355552050563","0","156","0.0001674020817526206","6.138690199949417e-8","1.2277380399898834e-7","0","0.024032931437414938","0.02403293143741494","1242","실험 추정; 미래 우월성 미확인"
"joint_sum_odd_low","합계 × 홀수 × 저번호","90-119|odd=6|low=6","합계 90~119 / 홀수 6 / 22이하 6","true","7","0","522","0","8.594166279929184e-7","0.0004486154798123034","0","0","0.007305355552050563","0.007305355552050563","0","156","4.297083139964592e-7","6.138690199949417e-8","1.2277380399898834e-7","0","0.024032931437414938","0.02403293143741494","1242","실험 추정; 미래 우월성 미확인"
"joint_sum_odd_low","합계 × 홀수 × 저번호","120-149|odd=0|low=0","합계 120~149 / 홀수 0 / 22이하 0","false","0","0","522","0","0","0","","","","","0","156","0","","1.2277380399898834e-7","","","","1242","실험 추정; 미래 우월성 미확인"
"joint_sum_odd_low","합계 × 홀수 × 저번호","120-149|odd=0|low=1","합계 120~149 / 홀수 0 / 22이하 1","true","14","0","522","0","0.0000017188332559858369","0.0008972309596246068","0","0","0.007305355552050563","0.007305355552050563","0","156","8.594166279929184e-7","6.138690199949417e-8","1.2277380399898834e-7","0","0.024032931437414938","0.02403293143741494","1242","실험 추정; 미래 우월성 미확인"
"joint_sum_odd_low","합계 × 홀수 × 저번호","120-149|odd=0|low=2","합계 120~149 / 홀수 0 / 22이하 2","true","3877","0","522","0","0.0004759940381040778","0.24846888789032862","0","0","0.007305355552050563","0.007305355552050563","0","156","0.0002379970190520389","6.138690199949417e-8","1.2277380399898834e-7","0","0.024032931437414938","0.02403293143741494","1242","실험 추정; 미래 우월성 미확인"
"joint_sum_odd_low","합계 × 홀수 × 저번호","120-149|odd=0|low=3","합계 120~149 / 홀수 0 / 22이하 3","true","18886","4","522","0.007662835249042145","0.0023187060623248937","1.2103645645335945","3.3047894140402","0.0029838454428542643","0.01953522113521851","0.016551375692364246","2","156","0.007569609441418857","4.0080532889012267e-7","1.2277380399898834e-7","0.0035229170716722553","0.04553481099555255","0.04201189392388029","1242","실험 추정; 미래 우월성 미확인"
"joint_sum_odd_low","합계 × 홀수 × 저번호","120-149|odd=0|low=4","합계 120~149 / 홀수 0 / 22이하 4","true","7425","1","522","0.0019157088122605363","0.0009115954946924884","0.475852848229479","2.1014899957428694","0.0003382497261719287","0.010770533582384188","0.01043228385621226","0","156","0.0004557977473462442","6.138690199949417e-8","1.2277380399898834e-7","0","0.024032931437414938","0.02403293143741494","1242","실험 추정; 미래 우월성 미확인"
"joint_sum_odd_low","합계 × 홀수 × 저번호","120-149|odd=0|low=5","합계 120~149 / 홀수 0 / 22이하 5","true","115","0","522","0","0.00001411898745988366","0.007370111454059271","0","0","0.007305355552050563","0.007305355552050563","0","156","0.000007059493729941829","6.138690199949417e-8","1.2277380399898834e-7","0","0.024032931437414938","0.02403293143741494","1242","실험 추정; 미래 우월성 미확인"
"joint_sum_odd_low","합계 × 홀수 × 저번호","120-149|odd=0|low=6","합계 120~149 / 홀수 0 / 22이하 6","false","0","0","522","0","0","0","","","","","0","156","0","","1.2277380399898834e-7","","","","1242","실험 추정; 미래 우월성 미확인"
"joint_sum_odd_low","합계 × 홀수 × 저번호","120-149|odd=1|low=0","합계 120~149 / 홀수 1 / 22이하 0","false","0","0","522","0","0","0","","","","","0","156","0","","1.2277380399898834e-7","","","","1242","실험 추정; 미래 우월성 미확인"
"joint_sum_odd_low","합계 × 홀수 × 저번호","120-149|odd=1|low=1","합계 120~149 / 홀수 1 / 22이하 1","true","462","0","522","0","0.000056721497447532616","0.029608621667612026","0","0","0.007305355552050563","0.007305355552050563","0","156","0.000028360748723766308","6.138690199949417e-8","1.2277380399898834e-7","0","0.024032931437414938","0.02403293143741494","1242","실험 추정; 미래 우월성 미확인"
"joint_sum_odd_low","합계 × 홀수 × 저번호","120-149|odd=1|low=2","합계 120~149 / 홀수 1 / 22이하 2","true","37794","2","522","0.0038314176245210726","0.004640113148337765","2.422139063432313","0.8257164215690747","0.0010513424945747156","0.013860868570486955","0.012809526075912238","1","156","0.005525184779297088","1.4619211460276996e-7","1.2277380399898834e-7","0.0011324653171247909","0.035412864435195084","0.03428039911807029","1242","실험 추정; 미래 우월성 미확인"
"joint_sum_odd_low","합계 × 홀수 × 저번호","120-149|odd=1|low=3","합계 120~149 / 홀수 1 / 22이하 3","true","142222","7","522","0.013409961685823755","0.01746113595234412","9.11471296712363","0.7679890771381055","0.006510641082418169","0.027418708765171267","0.020908067682753096","3","156","0.018345952591556677","1.2899518071435274e-7","1.2277380399898834e-7","0.00656140638822535","0.0550087199939044","0.04844731360567905","1242","실험 추정; 미래 우월성 미확인"
"joint_sum_odd_low","합계 × 홀수 × 저번호","120-149|odd=1|low=4","합계 120~149 / 홀수 1 / 22이하 4","true","52893","1","522","0.0019157088122605363","0.0064938748149184905","3.389802653387452","0.2950024241088765","0.0003382497261719287","0.010770533582384188","0.01043228385621226","0","156","0.0032469374074592453","6.138690199949417e-8","1.2277380399898834e-7","0","0.024032931437414938","0.02403293143741494","1242","실험 추정; 미래 우월성 미확인"
"joint_sum_odd_low","합계 × 홀수 × 저번호","120-149|odd=1|low=5","합계 120~149 / 홀수 1 / 22이하 5","true","1096","0","522","0","0.00013456008918289123","0.07024036655346923","0","0","0.007305355552050563","0.007305355552050563","0","156","0.00006728004459144561","6.138690199949417e-8","1.2277380399898834e-7","0","0.024032931437414938","0.02403293143741494","1242","실험 추정; 미래 우월성 미확인"
"joint_sum_odd_low","합계 × 홀수 × 저번호","120-149|odd=1|low=6","합계 120~149 / 홀수 1 / 22이하 6","false","0","0","522","0","0","0","","","","","0","156","0","","1.2277380399898834e-7","","","","1242","실험 추정; 미래 우월성 미확인"
"joint_sum_odd_low","합계 × 홀수 × 저번호","120-149|odd=2|low=0","합계 120~149 / 홀수 2 / 22이하 0","false","0","0","522","0","0","0","","","","","0","156","0","","1.2277380399898834e-7","","","","1242","실험 추정; 미래 우월성 미확인"
"joint_sum_odd_low","합계 × 홀수 × 저번호","120-149|odd=2|low=1","합계 120~149 / 홀수 2 / 22이하 1","true","1865","0","522","0","0.00022897314445811327","0.11952398140713513","0","0","0.007305355552050563","0.007305355552050563","0","156","0.00011448657222905663","6.138690199949417e-8","1.2277380399898834e-7","0","0.024032931437414938","0.02403293143741494","1242","실험 추정; 미래 우월성 미확인"
"joint_sum_odd_low","합계 × 홀수 × 저번호","120-149|odd=2|low=2","합계 120~149 / 홀수 2 / 22이하 2","true","112960","7","522","0.013409961685823755","0.013868528899725723","7.239372085656827","0.966934689524926","0.006510641082418169","0.027418708765171267","0.020908067682753096","3","156","0.016549649065247477","1.4650893294305485e-7","1.2277380399898834e-7","0.00656140638822535","0.0550087199939044","0.04844731360567905","1242","실험 추정; 미래 우월성 미확인"
"joint_sum_odd_low","합계 × 홀수 × 저번호","120-149|odd=2|low=3","합계 120~149 / 홀수 2 / 22이하 3","true","410586","25","522","0.04789272030651341","0.05040920508872863","26.313605056316344","0.950078864013313","0.03264760083866486","0.06974344862602454","0.03709584778735968","5","156","0.041230243570005334","1.0041804535470117e-7","1.2277380399898834e-7","0.013766559825891925","0.07282836318604768","0.059061803360155755","1242","실험 추정; 미래 우월성 미확인"
"joint_sum_odd_low","합계 × 홀수 × 저번호","120-149|odd=2|low=4","합계 120~149 / 홀수 2 / 22이하 4","true","162131","11","522","0.0210727969348659","0.019905439616159978","10.390639479635508","1.0586451412888274","0.011806681288622858","0.037336379584988796","0.025529698296365935","4","156","0.02277323262859281","1.404619266432256e-7","1.2277380399898834e-7","0.010015466073008981","0.0640670586240257","0.054051592551016714","1242","실험 추정; 미래 우월성 미확인"
"joint_sum_odd_low","합계 × 홀수 × 저번호","120-149|odd=2|low=5","합계 120~149 / 홀수 2 / 22이하 5","true","4383","0","522","0","0.0005381175829275659","0.2808973782881894","0","0","0.007305355552050563","0.007305355552050563","0","156","0.00026905879146378294","6.138690199949417e-8","1.2277380399898834e-7","0","0.024032931437414938","0.02403293143741494","1242","실험 추정; 미래 우월성 미확인"
"joint_sum_odd_low","합계 × 홀수 × 저번호","120-149|odd=2|low=6","합계 120~149 / 홀수 2 / 22이하 6","false","0","0","522","0","0","0","","","","","0","156","0","","1.2277380399898834e-7","","","","1242","실험 추정; 미래 우월성 미확인"
"joint_sum_odd_low","합계 × 홀수 × 저번호","120-149|odd=3|low=0","합계 120~149 / 홀수 3 / 22이하 0","false","0","0","522","0","0","0","","","","","0","156","0","","1.2277380399898834e-7","","","","1242","실험 추정; 미래 우월성 미확인"
"joint_sum_odd_low","합계 × 홀수 × 저번호","120-149|odd=3|low=1","합계 120~149 / 홀수 3 / 22이하 1","true","4200","0","522","0","0.000515649976795751","0.26916928788738204","0","0","0.007305355552050563","0.007305355552050563","0","156","0.0002578249883978755","6.138690199949417e-8","1.2277380399898834e-7","0","0.024032931437414938","0.02403293143741494","1242","실험 추정; 미래 우월성 미확인"
"joint_sum_odd_low","합계 × 홀수 × 저번호","120-149|odd=3|low=2","합계 120~149 / 홀수 3 / 22이하 2","true","189280","8","522","0.01532567049808429","0.023238625620928512","12.130562574124683","0.6594912602870162","0.007785761374318736","0.029947016229776247","0.022161254855457512","1","156","0.01482444101559246","7.832016597417826e-8","1.2277380399898834e-7","0.0011324653171247909","0.035412864435195084","0.03428039911807029","1242","실험 추정; 미래 우월성 미확인"
"joint_sum_odd_low","합계 × 홀수 × 저번호","120-149|odd=3|low=3","합계 120~149 / 홀수 3 / 22이하 3","true","597914","32","522","0.06130268199233716","0.07340817624425111","38.31906799949908","0.8350933796306923","0.04375528770383348","0.08525975605639478","0.0415044683525613","10","156","0.0687553701734076","1.149920727285322e-7","1.2277380399898834e-7","0.03518858274470879","0.1139683318417555","0.07877974909704671","1242","실험 추정; 미래 우월성 미확인"
"joint_sum_odd_low","합계 × 홀수 × 저번호","120-149|odd=3|low=4","합계 120~149 / 홀수 3 / 22이하 4","true","211901","15","522","0.028735632183908046","0.026015891841189628","13.580295541100986","1.1045414994542833","0.017490150369332814","0.04686662153030105","0.029376471160968233","5","156","0.029033586946235836","1.3701486517871948e-7","1.2277380399898834e-7","0.013766559825891925","0.07282836318604768","0.059061803360155755","1242","실험 추정; 미래 우월성 미확인"
"joint_sum_odd_low","합계 × 홀수 × 저번호","120-149|odd=3|low=5","합계 120~149 / 홀수 3 / 22이하 5","true","5075","0","522","0","0.0006230770552948659","0.32524622286392","0","0","0.007305355552050563","0.007305355552050563","0","156","0.00031153852764743295","6.138690199949417e-8","1.2277380399898834e-7","0","0.024032931437414938","0.02403293143741494","1242","실험 추정; 미래 우월성 미확인"
"joint_sum_odd_low","합계 × 홀수 × 저번호","120-149|odd=3|low=6","합계 120~149 / 홀수 3 / 22이하 6","false","0","0","522","0","0","0","","","","","0","156","0","","1.2277380399898834e-7","","","","1242","실험 추정; 미래 우월성 미확인"
"joint_sum_odd_low","합계 × 홀수 × 저번호","120-149|odd=4|low=0","합계 120~149 / 홀수 4 / 22이하 0","false","0","0","522","0","0","0","","","","","0","156","0","","1.2277380399898834e-7","","","","1242","실험 추정; 미래 우월성 미확인"
"joint_sum_odd_low","합계 × 홀수 × 저번호","120-149|odd=4|low=1","합계 120~149 / 홀수 4 / 22이하 1","true","2773","0","522","0","0.00034045175848919465","0.1777158179313596","0","0","0.007305355552050563","0.007305355552050563","0","156","0.00017022587924459733","6.138690199949417e-8","1.2277380399898834e-7","0","0.024032931437414938","0.02403293143741494","1242","실험 추정; 미래 우월성 미확인"
"joint_sum_odd_low","합계 × 홀수 × 저번호","120-149|odd=4|low=2","합계 120~149 / 홀수 4 / 22이하 2","true","137622","13","522","0.02490421455938697","0.016896376453948776","8.81990850896126","1.473938191852178","0.014610900776882721","0.04213901560974003","0.02752811483285731","6","156","0.027678957457743618","2.011230577795964e-7","1.2277380399898834e-7","0.0177444321590843","0.08136288916776027","0.06361845700867597","1242","실험 추정; 미래 우월성 미확인"
"joint_sum_odd_low","합계 × 홀수 × 저번호","120-149|odd=4|low=3","합계 120~149 / 홀수 4 / 22이하 3","true","450353","37","522","0.07088122605363985","0.0552915509523564","28.86218959713004","1.281954020691457","0.051858998744985216","0.0961731837977708","0.04431418505278558","13","156","0.06931244214284486","1.5390691777970806e-7","1.2277380399898834e-7","0.049345650854239156","0.13734845867693996","0.08800280782270078","1242","실험 추정; 미래 우월성 미확인"
"joint_sum_odd_low","합계 × 홀수 × 저번호","120-149|odd=4|low=4","합계 120~149 / 홀수 4 / 22이하 4","true","160243","11","522","0.0210727969348659","0.01967364267420989","10.269641475937563","1.071118210482198","0.011806681288622858","0.037336379584988796","0.025529698296365935","3","156","0.01945220595248956","1.2139192321966989e-7","1.2277380399898834e-7","0.00656140638822535","0.0550087199939044","0.04844731360567905","1242","실험 추정; 미래 우월성 미확인"
"joint_sum_odd_low","합계 × 홀수 × 저번호","120-149|odd=4|low=5","합계 120~149 / 홀수 4 / 22이하 5","true","3648","0","522","0","0.00044787883698830947","0.23379275290789756","0","0","0.007305355552050563","0.007305355552050563","0","156","0.0002239394184941547","6.138690199949416e-8","1.2277380399898834e-7","0","0.024032931437414938","0.02403293143741494","1242","실험 추정; 미래 우월성 미확인"
"joint_sum_odd_low","합계 × 홀수 × 저번호","120-149|odd=4|low=6","합계 120~149 / 홀수 4 / 22이하 6","false","0","0","522","0","0","0","","","","","0","156","0","","1.2277380399898834e-7","","","","1242","실험 추정; 미래 우월성 미확인"
"joint_sum_odd_low","합계 × 홀수 × 저번호","120-149|odd=5|low=0","합계 120~149 / 홀수 5 / 22이하 0","false","0","0","522","0","0","0","","","","","0","156","0","","1.2277380399898834e-7","","","","1242","실험 추정; 미래 우월성 미확인"
"joint_sum_odd_low","합계 × 홀수 × 저번호","120-149|odd=5|low=1","합계 120~149 / 홀수 5 / 22이하 1","true","1066","0","522","0","0.00013087687506292158","0.06831772878284506","0","0","0.007305355552050563","0.007305355552050563","0","156","0.00006543843753146079","6.138690199949417e-8","1.2277380399898834e-7","0","0.024032931437414938","0.02403293143741494","1242","실험 추정; 미래 우월성 미확인"
"joint_sum_odd_low","합계 × 홀수 × 저번호","120-149|odd=5|low=2","합계 120~149 / 홀수 5 / 22이하 2","true","56112","3","522","0.005747126436781609","0.006889083689991234","3.596101686175424","0.8342366990157616","0.001956426716828272","0.016759212104738953","0.01480278538791068","0","156","0.0034445418449956175","6.138690199949418e-8","1.2277380399898834e-7","0","0.024032931437414938","0.02403293143741494","1242","실험 추정; 미래 우월성 미확인"
"joint_sum_odd_low","합계 × 홀수 × 저번호","120-149|odd=5|low=3","합계 120~149 / 홀수 5 / 22이하 3","true","169988","11","522","0.0210727969348659","0.020870073394180032","10.894178311761976","1.0097135997970377","0.011806681288622858","0.037336379584988796","0.025529698296365935","3","156","0.020050421312474632","1.1795198080143676e-7","1.2277380399898834e-7","0.00656140638822535","0.0550087199939044","0.04844731360567905","1242","실험 추정; 미래 우월성 미확인"
"joint_sum_odd_low","합계 × 홀수 × 저번호","120-149|odd=5|low=4","합계 120~149 / 홀수 5 / 22이하 4","true","50744","5","522","0.009578544061302681","0.006230033910124664","3.2520777010850748","1.5374786396806326","0.00409812540244997","0.02222436893212836","0.018126243529678388","1","156","0.006320145160190537","1.245496050802171e-7","1.2277380399898834e-7","0.0011324653171247909","0.035412864435195084","0.03428039911807029","1242","실험 추정; 미래 우월성 미확인"
"joint_sum_odd_low","합계 × 홀수 × 저번호","120-149|odd=5|low=5","합계 120~149 / 홀수 5 / 22이하 5","true","691","0","522","0","0.00008483669856330094","0.04428475665004309","0","0","0.007305355552050563","0.007305355552050563","0","156","0.00004241834928165047","6.138690199949417e-8","1.2277380399898834e-7","0","0.024032931437414938","0.02403293143741494","1242","실험 추정; 미래 우월성 미확인"
"joint_sum_odd_low","합계 × 홀수 × 저번호","120-149|odd=5|low=6","합계 120~149 / 홀수 5 / 22이하 6","false","0","0","522","0","0","0","","","","","0","156","0","","1.2277380399898834e-7","","","","1242","실험 추정; 미래 우월성 미확인"
"joint_sum_odd_low","합계 × 홀수 × 저번호","120-149|odd=6|low=0","합계 120~149 / 홀수 6 / 22이하 0","false","0","0","522","0","0","0","","","","","0","156","0","","1.2277380399898834e-7","","","","1242","실험 추정; 미래 우월성 미확인"
"joint_sum_odd_low","합계 × 홀수 × 저번호","120-149|odd=6|low=1","합계 120~149 / 홀수 6 / 22이하 1","true","74","0","522","0","0.000009085261495925137","0.004742506500872922","0","0","0.007305355552050563","0.007305355552050563","0","156","0.000004542630747962568","6.138690199949417e-8","1.2277380399898834e-7","0","0.024032931437414938","0.02403293143741494","1242","실험 추정; 미래 우월성 미확인"
"joint_sum_odd_low","합계 × 홀수 × 저번호","120-149|odd=6|low=2","합계 120~149 / 홀수 6 / 22이하 2","true","7365","0","522","0","0.0009042290664525492","0.4720075726882307","0","0","0.007305355552050563","0.007305355552050563","0","156","0.00045211453322627454","6.138690199949417e-8","1.2277380399898834e-7","0","0.024032931437414938","0.02403293143741494","1242","실험 추정; 미래 우월성 미확인"
"joint_sum_odd_low","합계 × 홀수 × 저번호","120-149|odd=6|low=3","합계 120~149 / 홀수 6 / 22이하 3","true","24897","3","522","0.005747126436781609","0.003056699398162813","1.5955970858409885","1.8801739026859625","0.001956426716828272","0.016759212104738953","0.01480278538791068","1","156","0.0047334779042096115","1.9012242054101344e-7","1.2277380399898834e-7","0.0011324653171247909","0.035412864435195084","0.03428039911807029","1242","실험 추정; 미래 우월성 미확인"
"joint_sum_odd_low","합계 × 홀수 × 저번호","120-149|odd=6|low=4","합계 120~149 / 홀수 6 / 22이하 4","true","6790","1","522","0.0019157088122605363","0.0008336341291531309","0.43515701541793433","2.29802109254651","0.0003382497261719287","0.010770533582384188","0.01043228385621226","0","156","0.0004168170645765654","6.138690199949417e-8","1.2277380399898834e-7","0","0.024032931437414938","0.02403293143741494","1242","실험 추정; 미래 우월성 미확인"
"joint_sum_odd_low","합계 × 홀수 × 저번호","120-149|odd=6|low=5","합계 120~149 / 홀수 6 / 22이하 5","true","45","0","522","0","0.0000055248211799544756","0.0028839566559362363","0","0","0.007305355552050563","0.007305355552050563","0","156","0.0000027624105899772378","6.138690199949417e-8","1.2277380399898834e-7","0","0.024032931437414938","0.02403293143741494","1242","실험 추정; 미래 우월성 미확인"
"joint_sum_odd_low","합계 × 홀수 × 저번호","120-149|odd=6|low=6","합계 120~149 / 홀수 6 / 22이하 6","false","0","0","522","0","0","0","","","","","0","156","0","","1.2277380399898834e-7","","","","1242","실험 추정; 미래 우월성 미확인"
"joint_sum_odd_low","합계 × 홀수 × 저번호","150-179|odd=0|low=0","합계 150~179 / 홀수 0 / 22이하 0","true","4","0","522","0","4.910952159959534e-7","0.0002563517027498877","0","0","0.007305355552050563","0.007305355552050563","0","156","2.455476079979767e-7","6.138690199949417e-8","1.2277380399898834e-7","0","0.024032931437414938","0.02403293143741494","1242","실험 추정; 미래 우월성 미확인"
"joint_sum_odd_low","합계 × 홀수 × 저번호","150-179|odd=0|low=1","합계 150~179 / 홀수 0 / 22이하 1","true","2066","0","522","0","0.0002536506790619099","0.13240565447031696","0","0","0.007305355552050563","0.007305355552050563","0","156","0.00012682533953095495","6.138690199949417e-8","1.2277380399898834e-7","0","0.024032931437414938","0.02403293143741494","1242","실험 추정; 미래 우월성 미확인"
"joint_sum_odd_low","합계 × 홀수 × 저번호","150-179|odd=0|low=2","합계 150~179 / 홀수 0 / 22이하 2","true","12762","2","522","0.0038314176245210726","0.0015668392866350891","0.8178901076235165","2.4453162855964274","0.0010513424945747156","0.013860868570486955","0.012809526075912238","0","156","0.0007834196433175446","6.138690199949417e-8","1.2277380399898834e-7","0","0.024032931437414938","0.02403293143741494","1242","실험 추정; 미래 우월성 미확인"
"joint_sum_odd_low","합계 × 홀수 × 저번호","150-179|odd=0|low=3","합계 150~179 / 홀수 0 / 22이하 3","true","5940","0","522","0","0.0007292763957539907","0.38068227858358317","0","0","0.007305355552050563","0.007305355552050563","0","156","0.00036463819787699536","6.138690199949417e-8","1.2277380399898834e-7","0","0.024032931437414938","0.02403293143741494","1242","실험 추정; 미래 우월성 미확인"
"joint_sum_odd_low","합계 × 홀수 × 저번호","150-179|odd=0|low=4","합계 150~179 / 홀수 0 / 22이하 4","true","105","0","522","0","0.000012891249419893777","0.006729232197184552","0","0","0.007305355552050563","0.007305355552050563","0","156","0.000006445624709946888","6.138690199949417e-8","1.2277380399898834e-7","0","0.024032931437414938","0.02403293143741494","1242","실험 추정; 미래 우월성 미확인"
"joint_sum_odd_low","합계 × 홀수 × 저번호","150-179|odd=0|low=5","합계 150~179 / 홀수 0 / 22이하 5","false","0","0","522","0","0","0","","","","","0","156","0","","1.2277380399898834e-7","","","","1242","실험 추정; 미래 우월성 미확인"
"joint_sum_odd_low","합계 × 홀수 × 저번호","150-179|odd=0|low=6","합계 150~179 / 홀수 0 / 22이하 6","false","0","0","522","0","0","0","","","","","0","156","0","","1.2277380399898834e-7","","","","1242","실험 추정; 미래 우월성 미확인"
"joint_sum_odd_low","합계 × 홀수 × 저번호","150-179|odd=1|low=0","합계 150~179 / 홀수 1 / 22이하 0","true","172","0","522","0","0.000021117094287825995","0.01102312321824517","0","0","0.007305355552050563","0.007305355552050563","0","156","0.000010558547143912998","6.138690199949417e-8","1.2277380399898834e-7","0","0.024032931437414938","0.02403293143741494","1242","실험 추정; 미래 우월성 미확인"
"joint_sum_odd_low","합계 × 홀수 × 저번호","150-179|odd=1|low=1","합계 150~179 / 홀수 1 / 22이하 1","true","21323","2","522","0.0038314176245210726","0.0026179058226704285","1.3665468394339637","1.463542955343132","0.0010513424945747156","0.013860868570486955","0.012809526075912238","2","156","0.007719209321591624","3.6201328713556366e-7","1.2277380399898834e-7","0.0035229170716722553","0.04553481099555255","0.04201189392388029","1242","실험 추정; 미래 우월성 미확인"
"joint_sum_odd_low","합계 × 홀수 × 저번호","150-179|odd=1|low=2","합계 150~179 / 홀수 1 / 22이하 2","true","98442","6","522","0.011494252873563218","0.012086098813268411","6.308943580526111","0.9510308538057417","0.005278273303937627","0.024847648787146258","0.01956937548320863","2","156","0.012453305816890617","1.265039903383781e-7","1.2277380399898834e-7","0.0035229170716722553","0.04553481099555255","0.04201189392388029","1242","실험 추정; 미래 우월성 미확인"
"joint_sum_odd_low","합계 × 홀수 × 저번호","150-179|odd=1|low=3","합계 150~179 / 홀수 1 / 22이하 3","true","41718","1","522","0.0019157088122605363","0.005121877555229796","2.6736200838299533","0.37402471878783267","0.0003382497261719287","0.010770533582384188","0.01043228385621226","0","156","0.002560938777614898","6.138690199949417e-8","1.2277380399898834e-7","0","0.024032931437414938","0.02403293143741494","1242","실험 추정; 미래 우월성 미확인"
"joint_sum_odd_low","합계 × 홀수 × 저번호","150-179|odd=1|low=4","합계 150~179 / 홀수 1 / 22이하 4","true","878","1","522","0.0019157088122605363","0.00010779539991111176","0.05626919875360034","17.771712093839184","0.0003382497261719287","0.010770533582384188","0.01043228385621226","0","156","0.00005389769995555588","6.138690199949417e-8","1.2277380399898834e-7","0","0.024032931437414938","0.02403293143741494","1242","실험 추정; 미래 우월성 미확인"
"joint_sum_odd_low","합계 × 홀수 × 저번호","150-179|odd=1|low=5","합계 150~179 / 홀수 1 / 22이하 5","false","0","0","522","0","0","0","","","","","0","156","0","","1.2277380399898834e-7","","","","1242","실험 추정; 미래 우월성 미확인"
"joint_sum_odd_low","합계 × 홀수 × 저번호","150-179|odd=1|low=6","합계 150~179 / 홀수 1 / 22이하 6","false","0","0","522","0","0","0","","","","","0","156","0","","1.2277380399898834e-7","","","","1242","실험 추정; 미래 우월성 미확인"
"joint_sum_odd_low","합계 × 홀수 × 저번호","150-179|odd=2|low=0","합계 150~179 / 홀수 2 / 22이하 0","true","821","0","522","0","0.00010079729308316943","0.05261618698941444","0","0","0.007305355552050563","0.007305355552050563","0","156","0.000050398646541584716","6.138690199949417e-8","1.2277380399898834e-7","0","0.024032931437414938","0.02403293143741494","1242","실험 추정; 미래 우월성 미확인"
"joint_sum_odd_low","합계 × 홀수 × 저번호","150-179|odd=2|low=1","합계 150~179 / 홀수 2 / 22이하 1","true","68135","1","522","0.0019157088122605363","0.00836519313547107","4.366630816715898","0.22900951373583042","0.0003382497261719287","0.010770533582384188","0.01043228385621226","1","156","0.00738772477286374","1.0842775039060307e-7","1.2277380399898834e-7","0.0011324653171247909","0.035412864435195084","0.03428039911807029","1242","실험 추정; 미래 우월성 미확인"
"joint_sum_odd_low","합계 × 홀수 × 저번호","150-179|odd=2|low=2","합계 150~179 / 홀수 2 / 22이하 2","true","298307","17","522","0.032567049808429116","0.03662428514952622","19.117876848052685","0.8892200810327737","0.020431047246400574","0.05153258016624439","0.031101532919843817","11","156","0.05356855283117336","1.7957524574070793e-7","1.2277380399898834e-7","0.03982640176459421","0.12184291113677503","0.08201650937218082","1242","실험 추정; 미래 우월성 미확인"
"joint_sum_odd_low","합계 × 홀수 × 저번호","150-179|odd=2|low=3","합계 150~179 / 홀수 2 / 22이하 3","true","133929","12","522","0.022988505747126436","0.01644297279578051","8.583231799397426","1.3980747905284863","0.013198383128231302","0.0397481055018859","0.026549722373654598","5","156","0.02424712742353128","1.8104463875285623e-7","1.2277380399898834e-7","0.013766559825891925","0.07282836318604768","0.059061803360155755","1242","실험 추정; 미래 우월성 미확인"
"joint_sum_odd_low","합계 × 홀수 × 저번호","150-179|odd=2|low=4","합계 150~179 / 홀수 2 / 22이하 4","true","3719","0","522","0","0.0004565957770722376","0.23834299563170805","0","0","0.007305355552050563","0.007305355552050563","0","156","0.0002282978885361188","6.138690199949417e-8","1.2277380399898834e-7","0","0.024032931437414938","0.02403293143741494","1242","실험 추정; 미래 우월성 미확인"
"joint_sum_odd_low","합계 × 홀수 × 저번호","150-179|odd=2|low=5","합계 150~179 / 홀수 2 / 22이하 5","false","0","0","522","0","0","0","","","","","0","156","0","","1.2277380399898834e-7","","","","1242","실험 추정; 미래 우월성 미확인"
"joint_sum_odd_low","합계 × 홀수 × 저번호","150-179|odd=2|low=6","합계 150~179 / 홀수 2 / 22이하 6","false","0","0","522","0","0","0","","","","","0","156","0","","1.2277380399898834e-7","","","","1242","실험 추정; 미래 우월성 미확인"
"joint_sum_odd_low","합계 × 홀수 × 저번호","150-179|odd=3|low=0","합계 150~179 / 홀수 3 / 22이하 0","true","1832","0","522","0","0.00022492160892614664","0.11740907985944855","0","0","0.007305355552050563","0.007305355552050563","0","156","0.00011246080446307331","6.138690199949417e-8","1.2277380399898834e-7","0","0.024032931437414938","0.02403293143741494","1242","실험 추정; 미래 우월성 미확인"
"joint_sum_odd_low","합계 × 홀수 × 저번호","150-179|odd=3|low=1","합계 150~179 / 홀수 3 / 22이하 1","true","112316","6","522","0.011494252873563218","0.013789462569950376","7.198099461514096","0.8335533611448487","0.005278273303937627","0.024847648787146258","0.01956937548320863","0","156","0.006894731284975188","6.138690199949417e-8","1.2277380399898834e-7","0","0.024032931437414938","0.02403293143741494","1242","실험 추정; 미래 우월성 미확인"
"joint_sum_odd_low","합계 × 홀수 × 저번호","150-179|odd=3|low=2","합계 150~179 / 홀수 3 / 22이하 2","true","429907","27","522","0.05172413793103448","0.05278131775579308","27.55184786852399","0.9799705678124611","0.03578846110055254","0.07420944387714795","0.03842098277659542","3","156","0.03600604349328116","8.37530989104182e-8","1.2277380399898834e-7","0.00656140638822535","0.0550087199939044","0.04844731360567905","1242","실험 추정; 미래 우월성 미확인"
"joint_sum_odd_low","합계 × 홀수 × 저번호","150-179|odd=3|low=3","합계 150~179 / 홀수 3 / 22이하 3","true","173622","6","522","0.011494252873563218","0.021316233397912353","11.127073833710249","0.5392253246152263","0.005278273303937627","0.024847648787146258","0.01956937548320863","3","156","0.020273501314340792","1.1676804387889088e-7","1.2277380399898834e-7","0.00656140638822535","0.0550087199939044","0.04844731360567905","1242","실험 추정; 미래 우월성 미확인"
"joint_sum_odd_low","합계 × 홀수 × 저번호","150-179|odd=3|low=4","합계 150~179 / 홀수 3 / 22이하 4","true","4294","1","522","0.0019157088122605363","0.000527190714371656","0.2751935529020044","3.633806059243317","0.0003382497261719287","0.010770533582384188","0.01043228385621226","0","156","0.000263595357185828","6.138690199949417e-8","1.2277380399898834e-7","0","0.024032931437414938","0.02403293143741494","1242","실험 추정; 미래 우월성 미확인"
"joint_sum_odd_low","합계 × 홀수 × 저번호","150-179|odd=3|low=5","합계 150~179 / 홀수 3 / 22이하 5","false","0","0","522","0","0","0","","","","","0","156","0","","1.2277380399898834e-7","","","","1242","실험 추정; 미래 우월성 미확인"
"joint_sum_odd_low","합계 × 홀수 × 저번호","150-179|odd=3|low=6","합계 150~179 / 홀수 3 / 22이하 6","false","0","0","522","0","0","0","","","","","0","156","0","","1.2277380399898834e-7","","","","1242","실험 추정; 미래 우월성 미확인"
"joint_sum_odd_low","합계 × 홀수 × 저번호","150-179|odd=4|low=0","합계 150~179 / 홀수 4 / 22이하 0","true","1157","0","522","0","0.0001420492912268295","0.07414973002040501","0","0","0.007305355552050563","0.007305355552050563","0","156","0.00007102464561341476","6.138690199949417e-8","1.2277380399898834e-7","0","0.024032931437414938","0.02403293143741494","1242","실험 추정; 미래 우월성 미확인"
"joint_sum_odd_low","합계 × 홀수 × 저번호","150-179|odd=4|low=1","합계 150~179 / 홀수 4 / 22이하 1","true","82225","6","522","0.011494252873563218","0.010095076033816817","5.269629689652379","1.1385999308038288","0.005278273303937627","0.024847648787146258","0.01956937548320863","3","156","0.014662922632293025","1.7832681827051414e-7","1.2277380399898834e-7","0.00656140638822535","0.0550087199939044","0.04844731360567905","1242","실험 추정; 미래 우월성 미확인"
"joint_sum_odd_low","합계 × 홀수 × 저번호","150-179|odd=4|low=2","합계 150~179 / 홀수 4 / 22이하 2","true","331426","23","522","0.044061302681992334","0.040690430764168714","21.240404858896067","1.082841883325353","0.02953726381308469","0.06524693013859359","0.0357096663255089","8","156","0.04598624102311","1.3875266582317018e-7","1.2277380399898834e-7","0.026211493454316684","0.09792062450233774","0.07170913104802105","1242","실험 추정; 미래 우월성 미확인"
"joint_sum_odd_low","합계 × 홀수 × 저번호","150-179|odd=4|low=3","합계 150~179 / 홀수 4 / 22이하 3","true","137149","10","522","0.019157088122605363","0.016838304444657254","8.789594920111087","1.1377088581317254","0.010438398844250856","0.034901234272855235","0.02446283542860438","5","156","0.024444793247969655","1.7823530064360407e-7","1.2277380399898834e-7","0.013766559825891925","0.07282836318604768","0.059061803360155755","1242","실험 추정; 미래 우월성 미확인"
"joint_sum_odd_low","합계 × 홀수 × 저번호","150-179|odd=4|low=4","합계 150~179 / 홀수 4 / 22이하 4","true","3385","0","522","0","0.00041558932653657557","0.21693762845209244","0","0","0.007305355552050563","0.007305355552050563","0","156","0.0002077946632682878","6.138690199949418e-8","1.2277380399898834e-7","0","0.024032931437414938","0.02403293143741494","1242","실험 추정; 미래 우월성 미확인"
"joint_sum_odd_low","합계 × 홀수 × 저번호","150-179|odd=4|low=5","합계 150~179 / 홀수 4 / 22이하 5","false","0","0","522","0","0","0","","","","","0","156","0","","1.2277380399898834e-7","","","","1242","실험 추정; 미래 우월성 미확인"
"joint_sum_odd_low","합계 × 홀수 × 저번호","150-179|odd=4|low=6","합계 150~179 / 홀수 4 / 22이하 6","false","0","0","522","0","0","0","","","","","0","156","0","","1.2277380399898834e-7","","","","1242","실험 추정; 미래 우월성 미확인"
"joint_sum_odd_low","합계 × 홀수 × 저번호","150-179|odd=5|low=0","합계 150~179 / 홀수 5 / 22이하 0","true","361","0","522","0","0.00004432134324363479","0.023135741173177363","0","0","0.007305355552050563","0.007305355552050563","0","156","0.000022160671621817397","6.138690199949417e-8","1.2277380399898834e-7","0","0.024032931437414938","0.02403293143741494","1242","실험 추정; 미래 우월성 미확인"
"joint_sum_odd_low","합계 × 홀수 × 저번호","150-179|odd=5|low=1","합계 150~179 / 홀수 5 / 22이하 1","true","31182","1","522","0.0019157088122605363","0.0038283327562964545","1.9983896987867493","0.5004028996982491","0.0003382497261719287","0.010770533582384188","0.01043228385621226","0","156","0.0019141663781482275","6.138690199949418e-8","1.2277380399898834e-7","0","0.024032931437414938","0.02403293143741494","1242","실험 추정; 미래 우월성 미확인"
"joint_sum_odd_low","합계 × 홀수 × 저번호","150-179|odd=5|low=2","합계 150~179 / 홀수 5 / 22이하 2","true","121402","7","522","0.013409961685823755","0.014904985353085183","7.780402354310466","0.8996964014491988","0.006510641082418169","0.027418708765171267","0.020908067682753096","2","156","0.013862749086799001","1.1418880320586976e-7","1.2277380399898834e-7","0.0035229170716722553","0.04553481099555255","0.04201189392388029","1242","실험 추정; 미래 우월성 미확인"
"joint_sum_odd_low","합계 × 홀수 × 저번호","150-179|odd=5|low=3","합계 150~179 / 홀수 5 / 22이하 3","true","43452","0","522","0","0.005334767331364042","2.78474854697203","0","0","0.007305355552050563","0.007305355552050563","0","156","0.002667383665682021","6.138690199949417e-8","1.2277380399898834e-7","0","0.024032931437414938","0.02403293143741494","1242","실험 추정; 미래 우월성 미확인"
"joint_sum_odd_low","합계 × 홀수 × 저번호","150-179|odd=5|low=4","합계 150~179 / 홀수 5 / 22이하 4","true","698","1","522","0.0019157088122605363","0.00008569611519129387","0.0447333721298554","22.354675097981094","0.0003382497261719287","0.010770533582384188","0.01043228385621226","1","156","0.003247976262723852","0.000004653261121380877","1.2277380399898834e-7","0.0011324653171247909","0.035412864435195084","0.03428039911807029","1242","실험 추정; 미래 우월성 미확인"
"joint_sum_odd_low","합계 × 홀수 × 저번호","150-179|odd=5|low=5","합계 150~179 / 홀수 5 / 22이하 5","false","0","0","522","0","0","0","","","","","0","156","0","","1.2277380399898834e-7","","","","1242","실험 추정; 미래 우월성 미확인"
"joint_sum_odd_low","합계 × 홀수 × 저번호","150-179|odd=5|low=6","합계 150~179 / 홀수 5 / 22이하 6","false","0","0","522","0","0","0","","","","","0","156","0","","1.2277380399898834e-7","","","","1242","실험 추정; 미래 우월성 미확인"
"joint_sum_odd_low","합계 × 홀수 × 저번호","150-179|odd=6|low=0","합계 150~179 / 홀수 6 / 22이하 0","true","19","0","522","0","0.0000023327022759807786","0.0012176705880619664","0","0","0.007305355552050563","0.007305355552050563","0","156","0.0000011663511379903893","6.138690199949417e-8","1.2277380399898834e-7","0","0.024032931437414938","0.02403293143741494","1242","실험 추정; 미래 우월성 미확인"
"joint_sum_odd_low","합계 × 홀수 × 저번호","150-179|odd=6|low=1","합계 150~179 / 홀수 6 / 22이하 1","true","3797","0","522","0","0.00046617213378415877","0.24334185383533088","0","0","0.007305355552050563","0.007305355552050563","0","156","0.00023308606689207938","6.138690199949417e-8","1.2277380399898834e-7","0","0.024032931437414938","0.02403293143741494","1242","실험 추정; 미래 우월성 미확인"
"joint_sum_odd_low","합계 × 홀수 × 저번호","150-179|odd=6|low=2","합계 150~179 / 홀수 6 / 22이하 2","true","17735","0","522","0","0.002177393413922058","1.1365993620673145","0","0","0.007305355552050563","0.007305355552050563","0","156","0.001088696706961029","6.138690199949417e-8","1.2277380399898834e-7","0","0.024032931437414938","0.02403293143741494","1242","실험 추정; 미래 우월성 미확인"
"joint_sum_odd_low","합계 × 홀수 × 저번호","150-179|odd=6|low=3","합계 150~179 / 홀수 6 / 22이하 3","true","6281","1","522","0.0019157088122605363","0.0007711422629176458","0.4025362612430111","2.4842482436540045","0.0003382497261719287","0.010770533582384188","0.01043228385621226","0","156","0.0003855711314588229","6.138690199949417e-8","1.2277380399898834e-7","0","0.024032931437414938","0.02403293143741494","1242","실험 추정; 미래 우월성 미확인"
"joint_sum_odd_low","합계 × 홀수 × 저번호","150-179|odd=6|low=4","합계 150~179 / 홀수 6 / 22이하 4","true","61","0","522","0","0.000007489202043938289","0.003909363466935787","0","0","0.007305355552050563","0.007305355552050563","0","156","0.000003744601021969145","6.138690199949418e-8","1.2277380399898834e-7","0","0.024032931437414938","0.02403293143741494","1242","실험 추정; 미래 우월성 미확인"
"joint_sum_odd_low","합계 × 홀수 × 저번호","150-179|odd=6|low=5","합계 150~179 / 홀수 6 / 22이하 5","false","0","0","522","0","0","0","","","","","0","156","0","","1.2277380399898834e-7","","","","1242","실험 추정; 미래 우월성 미확인"
"joint_sum_odd_low","합계 × 홀수 × 저번호","150-179|odd=6|low=6","합계 150~179 / 홀수 6 / 22이하 6","false","0","0","522","0","0","0","","","","","0","156","0","","1.2277380399898834e-7","","","","1242","실험 추정; 미래 우월성 미확인"
"joint_sum_odd_low","합계 × 홀수 × 저번호","180-255|odd=0|low=0","합계 180~255 / 홀수 0 / 22이하 0","true","458","0","522","0","0.00005623040223153666","0.02935226996486214","0","0","0.007305355552050563","0.007305355552050563","0","156","0.000028115201115768327","6.138690199949417e-8","1.2277380399898834e-7","0","0.024032931437414938","0.02403293143741494","1242","실험 추정; 미래 우월성 미확인"
"joint_sum_odd_low","합계 × 홀수 × 저번호","180-255|odd=0|low=1","합계 180~255 / 홀수 0 / 22이하 1","true","3002","0","522","0","0.000368566959604963","0.1923919529137907","0","0","0.007305355552050563","0.007305355552050563","0","156","0.0001842834798024815","6.138690199949417e-8","1.2277380399898834e-7","0","0.024032931437414938","0.02403293143741494","1242","실험 추정; 미래 우월성 미확인"
"joint_sum_odd_low","합계 × 홀수 × 저번호","180-255|odd=0|low=2","합계 180~255 / 홀수 0 / 22이하 2","true","1503","1","522","0.0019157088122605363","0.0001845290274104795","0.0963241523082703","10.381612254418364","0.0003382497261719287","0.010770533582384188","0.01043228385621226","1","156","0.003297392718833445","0.0000021938740644267765","1.2277380399898834e-7","0.0011324653171247909","0.035412864435195084","0.03428039911807029","1242","실험 추정; 미래 우월성 미확인"
"joint_sum_odd_low","합계 × 홀수 × 저번호","180-255|odd=0|low=3","합계 180~255 / 홀수 0 / 22이하 3","true","18","0","522","0","0.0000022099284719817902","0.0011535826623744944","0","0","0.007305355552050563","0.007305355552050563","0","156","0.0000011049642359908951","6.138690199949417e-8","1.2277380399898834e-7","0","0.024032931437414938","0.02403293143741494","1242","실험 추정; 미래 우월성 미확인"
"joint_sum_odd_low","합계 × 홀수 × 저번호","180-255|odd=0|low=4","합계 180~255 / 홀수 0 / 22이하 4","false","0","0","522","0","0","0","","","","","0","156","0","","1.2277380399898834e-7","","","","1242","실험 추정; 미래 우월성 미확인"
"joint_sum_odd_low","합계 × 홀수 × 저번호","180-255|odd=0|low=5","합계 180~255 / 홀수 0 / 22이하 5","false","0","0","522","0","0","0","","","","","0","156","0","","1.2277380399898834e-7","","","","1242","실험 추정; 미래 우월성 미확인"
"joint_sum_odd_low","합계 × 홀수 × 저번호","180-255|odd=0|low=6","합계 180~255 / 홀수 0 / 22이하 6","false","0","0","522","0","0","0","","","","","0","156","0","","1.2277380399898834e-7","","","","1242","실험 추정; 미래 우월성 미확인"
"joint_sum_odd_low","합계 × 홀수 × 저번호","180-255|odd=1|low=0","합계 180~255 / 홀수 1 / 22이하 0","true","5372","0","522","0","0.0006595408750825653","0.3442803367930991","0","0","0.007305355552050563","0.007305355552050563","0","156","0.0003297704375412827","6.138690199949417e-8","1.2277380399898834e-7","0","0.024032931437414938","0.02403293143741494","1242","실험 추정; 미래 우월성 미확인"
"joint_sum_odd_low","합계 × 홀수 × 저번호","180-255|odd=1|low=1","합계 180~255 / 홀수 1 / 22이하 1","true","26857","2","522","0.0038314176245210726","0.00329733605400083","1.7212094201884331","1.1619736544208812","0.0010513424945747156","0.013860868570486955","0.012809526075912238","0","156","0.001648668027000415","6.138690199949417e-8","1.2277380399898834e-7","0","0.024032931437414938","0.02403293143741494","1242","실험 추정; 미래 우월성 미확인"
"joint_sum_odd_low","합계 × 홀수 × 저번호","180-255|odd=1|low=2","합계 180~255 / 홀수 1 / 22이하 2","true","12326","1","522","0.0019157088122605363","0.0015133099080915304","0.7899477720237789","1.2659064756117802","0.0003382497261719287","0.010770533582384188","0.01043228385621226","0","156","0.0007566549540457652","6.138690199949417e-8","1.2277380399898834e-7","0","0.024032931437414938","0.02403293143741494","1242","실험 추정; 미래 우월성 미확인"
"joint_sum_odd_low","합계 × 홀수 × 저번호","180-255|odd=1|low=3","합계 180~255 / 홀수 1 / 22이하 3","true","182","0","522","0","0.00002234483232781588","0.01166400247511989","0","0","0.007305355552050563","0.007305355552050563","0","156","0.00001117241616390794","6.138690199949417e-8","1.2277380399898834e-7","0","0.024032931437414938","0.02403293143741494","1242","실험 추정; 미래 우월성 미확인"
"joint_sum_odd_low","합계 × 홀수 × 저번호","180-255|odd=1|low=4","합계 180~255 / 홀수 1 / 22이하 4","false","0","0","522","0","0","0","","","","","0","156","0","","1.2277380399898834e-7","","","","1242","실험 추정; 미래 우월성 미확인"
"joint_sum_odd_low","합계 × 홀수 × 저번호","180-255|odd=1|low=5","합계 180~255 / 홀수 1 / 22이하 5","false","0","0","522","0","0","0","","","","","0","156","0","","1.2277380399898834e-7","","","","1242","실험 추정; 미래 우월성 미확인"
"joint_sum_odd_low","합계 × 홀수 × 저번호","180-255|odd=1|low=6","합계 180~255 / 홀수 1 / 22이하 6","false","0","0","522","0","0","0","","","","","0","156","0","","1.2277380399898834e-7","","","","1242","실험 추정; 미래 우월성 미확인"
"joint_sum_odd_low","합계 × 홀수 × 저번호","180-255|odd=2|low=0","합계 180~255 / 홀수 2 / 22이하 0","true","20959","1","522","0.0019157088122605363","0.0025732161580147967","1.343218834483724","0.7444803291374018","0.0003382497261719287","0.010770533582384188","0.01043228385621226","0","156","0.0012866080790073983","6.138690199949417e-8","1.2277380399898834e-7","0","0.024032931437414938","0.02403293143741494","1242","실험 추정; 미래 우월성 미확인"
"joint_sum_odd_low","합계 × 홀수 × 저번호","180-255|odd=2|low=1","합계 180~255 / 홀수 2 / 22이하 1","true","93350","8","522","0.01532567049808429","0.011460934603305563","5.982607862925503","1.3372094884534165","0.007785761374318736","0.029947016229776247","0.022161254855457512","0","156","0.005730467301652781","6.138690199949417e-8","1.2277380399898834e-7","0","0.024032931437414938","0.02403293143741494","1242","실험 추정; 미래 우월성 미확인"
"joint_sum_odd_low","합계 × 홀수 × 저번호","180-255|odd=2|low=2","합계 180~255 / 홀수 2 / 22이하 2","true","45061","5","522","0.009578544061302681","0.005532310381998414","2.8878660194031722","1.7313822616443046","0.00409812540244997","0.02222436893212836","0.018126243529678388","0","156","0.002766155190999207","6.138690199949417e-8","1.2277380399898834e-7","0","0.024032931437414938","0.02403293143741494","1242","실험 추정; 미래 우월성 미확인"
"joint_sum_odd_low","합계 × 홀수 × 저번호","180-255|odd=2|low=3","합계 180~255 / 홀수 2 / 22이하 3","true","986","0","522","0","0.00012105497074300251","0.06319069472784732","0","0","0.007305355552050563","0.007305355552050563","0","156","0.00006052748537150126","6.138690199949418e-8","1.2277380399898834e-7","0","0.024032931437414938","0.02403293143741494","1242","실험 추정; 미래 우월성 미확인"
"joint_sum_odd_low","합계 × 홀수 × 저번호","180-255|odd=2|low=4","합계 180~255 / 홀수 2 / 22이하 4","false","0","0","522","0","0","0","","","","","0","156","0","","1.2277380399898834e-7","","","","1242","실험 추정; 미래 우월성 미확인"
"joint_sum_odd_low","합계 × 홀수 × 저번호","180-255|odd=2|low=5","합계 180~255 / 홀수 2 / 22이하 5","false","0","0","522","0","0","0","","","","","0","156","0","","1.2277380399898834e-7","","","","1242","실험 추정; 미래 우월성 미확인"
"joint_sum_odd_low","합계 × 홀수 × 저번호","180-255|odd=2|low=6","합계 180~255 / 홀수 2 / 22이하 6","false","0","0","522","0","0","0","","","","","0","156","0","","1.2277380399898834e-7","","","","1242","실험 추정; 미래 우월성 미확인"
"joint_sum_odd_low","합계 × 홀수 × 저번호","180-255|odd=3|low=0","합계 180~255 / 홀수 3 / 22이하 0","true","34468","5","522","0.009578544061302681","0.0042317674762371305","2.2089826225957823","2.263485438434316","0.00409812540244997","0.02222436893212836","0.018126243529678388","4","156","0.014936396558631385","4.333409701355282e-7","1.2277380399898834e-7","0.010015466073008981","0.0640670586240257","0.054051592551016714","1242","실험 추정; 미래 우월성 미확인"
"joint_sum_odd_low","합계 × 홀수 × 저번호","180-255|odd=3|low=1","합계 180~255 / 홀수 3 / 22이하 1","true","136374","13","522","0.02490421455938697","0.016743154746558037","8.739926777703296","1.4874266490612613","0.014610900776882721","0.04213901560974003","0.02752811483285731","3","156","0.017986961988663636","1.3189436394520684e-7","1.2277380399898834e-7","0.00656140638822535","0.0550087199939044","0.04844731360567905","1242","실험 추정; 미래 우월성 미확인"
"joint_sum_odd_low","합계 × 홀수 × 저번호","180-255|odd=3|low=2","합계 180~255 / 홀수 3 / 22이하 2","true","59385","5","522","0.009578544061302681","0.007290922350479923","3.8058614669505197","1.3137630056740595","0.00409812540244997","0.02222436893212836","0.018126243529678388","0","156","0.0036454611752399614","6.138690199949417e-8","1.2277380399898834e-7","0","0.024032931437414938","0.02403293143741494","1242","실험 추정; 미래 우월성 미확인"
"joint_sum_odd_low","합계 × 홀수 × 저번호","180-255|odd=3|low=3","합계 180~255 / 홀수 3 / 22이하 3","true","1145","0","522","0","0.00014057600557884165","0.07338067491215534","0","0","0.007305355552050563","0.007305355552050563","0","156","0.00007028800278942082","6.138690199949417e-8","1.2277380399898834e-7","0","0.024032931437414938","0.02403293143741494","1242","실험 추정; 미래 우월성 미확인"
"joint_sum_odd_low","합계 × 홀수 × 저번호","180-255|odd=3|low=4","합계 180~255 / 홀수 3 / 22이하 4","false","0","0","522","0","0","0","","","","","0","156","0","","1.2277380399898834e-7","","","","1242","실험 추정; 미래 우월성 미확인"
"joint_sum_odd_low","합계 × 홀수 × 저번호","180-255|odd=3|low=5","합계 180~255 / 홀수 3 / 22이하 5","false","0","0","522","0","0","0","","","","","0","156","0","","1.2277380399898834e-7","","","","1242","실험 추정; 미래 우월성 미확인"
"joint_sum_odd_low","합계 × 홀수 × 저번호","180-255|odd=3|low=6","합계 180~255 / 홀수 3 / 22이하 6","false","0","0","522","0","0","0","","","","","0","156","0","","1.2277380399898834e-7","","","","1242","실험 추정; 미래 우월성 미확인"
"joint_sum_odd_low","합계 × 홀수 × 저번호","180-255|odd=4|low=0","합계 180~255 / 홀수 4 / 22이하 0","true","26068","1","522","0.0019157088122605363","0.003200467522645628","1.6706440468210177","0.5985715520327913","0.0003382497261719287","0.010770533582384188","0.01043228385621226","1","156","0.004805361966451019","1.8433949541395656e-7","1.2277380399898834e-7","0.0011324653171247909","0.035412864435195084","0.03428039911807029","1242","실험 추정; 미래 우월성 미확인"
"joint_sum_odd_low","합계 × 홀수 × 저번호","180-255|odd=4|low=1","합계 180~255 / 홀수 4 / 22이하 1","true","107997","7","522","0.013409961685823755","0.013259202510478744","6.921303710469904","1.0113701540666467","0.006510641082418169","0.027418708765171267","0.020908067682753096","1","156","0.009834729460367576","9.106483939709044e-8","1.2277380399898834e-7","0.0011324653171247909","0.035412864435195084","0.03428039911807029","1242","실험 추정; 미래 우월성 미확인"
"joint_sum_odd_low","합계 × 홀수 × 저번호","180-255|odd=4|low=2","합계 180~255 / 홀수 4 / 22이하 2","true","48898","2","522","0.0038314176245210726","0.006003393467942532","3.1337713902660016","0.6382086473226227","0.0010513424945747156","0.013860868570486955","0.012809526075912238","0","156","0.003001696733971266","6.138690199949417e-8","1.2277380399898834e-7","0","0.024032931437414938","0.02403293143741494","1242","실험 추정; 미래 우월성 미확인"
"joint_sum_odd_low","합계 × 홀수 × 저번호","180-255|odd=4|low=3","합계 180~255 / 홀수 4 / 22이하 3","true","986","0","522","0","0.00012105497074300251","0.06319069472784732","0","0","0.007305355552050563","0.007305355552050563","0","156","0.00006052748537150126","6.138690199949418e-8","1.2277380399898834e-7","0","0.024032931437414938","0.02403293143741494","1242","실험 추정; 미래 우월성 미확인"
"joint_sum_odd_low","합계 × 홀수 × 저번호","180-255|odd=4|low=4","합계 180~255 / 홀수 4 / 22이하 4","false","0","0","522","0","0","0","","","","","0","156","0","","1.2277380399898834e-7","","","","1242","실험 추정; 미래 우월성 미확인"
"joint_sum_odd_low","합계 × 홀수 × 저번호","180-255|odd=4|low=5","합계 180~255 / 홀수 4 / 22이하 5","false","0","0","522","0","0","0","","","","","0","156","0","","1.2277380399898834e-7","","","","1242","실험 추정; 미래 우월성 미확인"
"joint_sum_odd_low","합계 × 홀수 × 저번호","180-255|odd=4|low=6","합계 180~255 / 홀수 4 / 22이하 6","false","0","0","522","0","0","0","","","","","0","156","0","","1.2277380399898834e-7","","","","1242","실험 추정; 미래 우월성 미확인"
"joint_sum_odd_low","합계 × 홀수 × 저번호","180-255|odd=5|low=0","합계 180~255 / 홀수 5 / 22이하 0","true","8351","2","522","0.0038314176245210726","0.0010252840371955518","0.535198267416078","3.7369328747193875","0.0010513424945747156","0.013860868570486955","0.012809526075912238","0","156","0.0005126420185977759","6.138690199949418e-8","1.2277380399898834e-7","0","0.024032931437414938","0.02403293143741494","1242","실험 추정; 미래 우월성 미확인"
"joint_sum_odd_low","합계 × 홀수 × 저번호","180-255|odd=5|low=1","합계 180~255 / 홀수 5 / 22이하 1","true","36359","1","522","0.0019157088122605363","0.004463932739599217","2.3301728900707914","0.42915270547569523","0.0003382497261719287","0.010770533582384188","0.01043228385621226","0","156","0.0022319663697996086","6.138690199949417e-8","1.2277380399898834e-7","0","0.024032931437414938","0.02403293143741494","1242","실험 추정; 미래 우월성 미확인"
"joint_sum_odd_low","합계 × 홀수 × 저번호","180-255|odd=5|low=2","합계 180~255 / 홀수 5 / 22이하 2","true","14712","1","522","0.0019157088122605363","0.0018062482044331166","0.9428615627140868","1.0606010887976347","0.0003382497261719287","0.010770533582384188","0.01043228385621226","0","156","0.0009031241022165582","6.138690199949417e-8","1.2277380399898834e-7","0","0.024032931437414938","0.02403293143741494","1242","실험 추정; 미래 우월성 미확인"
"joint_sum_odd_low","합계 × 홀수 × 저번호","180-255|odd=5|low=3","합계 180~255 / 홀수 5 / 22이하 3","true","182","0","522","0","0.00002234483232781588","0.01166400247511989","0","0","0.007305355552050563","0.007305355552050563","0","156","0.00001117241616390794","6.138690199949417e-8","1.2277380399898834e-7","0","0.024032931437414938","0.02403293143741494","1242","실험 추정; 미래 우월성 미확인"
"joint_sum_odd_low","합계 × 홀수 × 저번호","180-255|odd=5|low=4","합계 180~255 / 홀수 5 / 22이하 4","false","0","0","522","0","0","0","","","","","0","156","0","","1.2277380399898834e-7","","","","1242","실험 추정; 미래 우월성 미확인"
"joint_sum_odd_low","합계 × 홀수 × 저번호","180-255|odd=5|low=5","합계 180~255 / 홀수 5 / 22이하 5","false","0","0","522","0","0","0","","","","","0","156","0","","1.2277380399898834e-7","","","","1242","실험 추정; 미래 우월성 미확인"
"joint_sum_odd_low","합계 × 홀수 × 저번호","180-255|odd=5|low=6","합계 180~255 / 홀수 5 / 22이하 6","false","0","0","522","0","0","0","","","","","0","156","0","","1.2277380399898834e-7","","","","1242","실험 추정; 미래 우월성 미확인"
"joint_sum_odd_low","합계 × 홀수 × 저번호","180-255|odd=6|low=0","합계 180~255 / 홀수 6 / 22이하 0","true","905","0","522","0","0.00011111029261908445","0.05799957274716208","0","0","0.007305355552050563","0.007305355552050563","0","156","0.000055555146309542226","6.138690199949417e-8","1.2277380399898834e-7","0","0.024032931437414938","0.02403293143741494","1242","실험 추정; 미래 우월성 미확인"
"joint_sum_odd_low","합계 × 홀수 × 저번호","180-255|odd=6|low=1","합계 180~255 / 홀수 6 / 22이하 1","true","4841","0","522","0","0.0005943479851591026","0.31024964825305157","0","0","0.007305355552050563","0.007305355552050563","0","156","0.0002971739925795513","6.138690199949417e-8","1.2277380399898834e-7","0","0.024032931437414938","0.02403293143741494","1242","실험 추정; 미래 우월성 미확인"
"joint_sum_odd_low","합계 × 홀수 × 저번호","180-255|odd=6|low=2","합계 180~255 / 홀수 6 / 22이하 2","true","2064","0","522","0","0.00025340513145391194","0.13227747861894204","0","0","0.007305355552050563","0.007305355552050563","0","156","0.00012670256572695597","6.138690199949417e-8","1.2277380399898834e-7","0","0.024032931437414938","0.02403293143741494","1242","실험 추정; 미래 우월성 미확인"
"joint_sum_odd_low","합계 × 홀수 × 저번호","180-255|odd=6|low=3","합계 180~255 / 홀수 6 / 22이하 3","true","18","0","522","0","0.0000022099284719817902","0.0011535826623744944","0","0","0.007305355552050563","0.007305355552050563","0","156","0.0000011049642359908951","6.138690199949417e-8","1.2277380399898834e-7","0","0.024032931437414938","0.02403293143741494","1242","실험 추정; 미래 우월성 미확인"
"joint_sum_odd_low","합계 × 홀수 × 저번호","180-255|odd=6|low=4","합계 180~255 / 홀수 6 / 22이하 4","false","0","0","522","0","0","0","","","","","0","156","0","","1.2277380399898834e-7","","","","1242","실험 추정; 미래 우월성 미확인"
"joint_sum_odd_low","합계 × 홀수 × 저번호","180-255|odd=6|low=5","합계 180~255 / 홀수 6 / 22이하 5","false","0","0","522","0","0","0","","","","","0","156","0","","1.2277380399898834e-7","","","","1242","실험 추정; 미래 우월성 미확인"
"joint_sum_odd_low","합계 × 홀수 × 저번호","180-255|odd=6|low=6","합계 180~255 / 홀수 6 / 22이하 6","false","0","0","522","0","0","0","","","","","0","156","0","","1.2277380399898834e-7","","","","1242","실험 추정; 미래 우월성 미확인"
